,head,tail,combined
1A1P4,CCCCOP1(=O)OCCO1,CCCCN,CCCCOP(=O)([O-])OCC[N+](CCCC)
1A1P5,CCCCCOP1(=O)OCCO1,CCCCN,CCCCCOP(=O)([O-])OCC[N+](CCCC)
1A1P6,CCCCCCOP1(=O)OCCO1,CCCCN,CCCCCCOP(=O)([O-])OCC[N+](CCCC)
1A1P7,CCCCCCCOP1(=O)OCCO1,CCCCN,CCCCCCCOP(=O)([O-])OCC[N+](CCCC)
1A1P8,CCCCCCCCOP1(=O)OCCO1,CCCCN,CCCCCCCCOP(=O)([O-])OCC[N+](CCCC)
1A1P9,CCCCCCCCCOP1(=O)OCCO1,CCCCN,CCCCCCCCCOP(=O)([O-])OCC[N+](CCCC)
1A1P10,CCCCCCCCCCOP1(=O)OCCO1,CCCCN,CCCCCCCCCCOP(=O)([O-])OCC[N+](CCCC)
1A1P11,CCCCCCCCCCCOP1(=O)OCCO1,CCCCN,CCCCCCCCCCCOP(=O)([O-])OCC[N+](CCCC)
1A1P12,CCCCCCCCCCCCOP1(=O)OCCO1,CCCCN,CCCCCCCCCCCCOP(=O)([O-])OCC[N+](CCCC)
1A1P13,CCCCCCCCCCCCCOP1(=O)OCCO1,CCCCN,CCCCCCCCCCCCCOP(=O)([O-])OCC[N+](CCCC)
1A1P14,CCCCCCCCCCCCCCOP1(=O)OCCO1,CCCCN,CCCCCCCCCCCCCCOP(=O)([O-])OCC[N+](CCCC)
1A1P15,CCCCCCCCCCCCCCCOP1(=O)OCCO1,CCCCN,CCCCCCCCCCCCCCCOP(=O)([O-])OCC[N+](CCCC)
1A1P16,CCCCCCCCCCCCCCCCOP1(=O)OCCO1,CCCCN,CCCCCCCCCCCCCCCCOP(=O)([O-])OCC[N+](CCCC)
2A1P4,CCCCOP1(=O)OCCO1,CCCCCCN,CCCCOP(=O)([O-])OCC[N+](CCCCCC)
2A1P5,CCCCCOP1(=O)OCCO1,CCCCCCN,CCCCCOP(=O)([O-])OCC[N+](CCCCCC)
2A1P6,CCCCCCOP1(=O)OCCO1,CCCCCCN,CCCCCCOP(=O)([O-])OCC[N+](CCCCCC)
2A1P7,CCCCCCCOP1(=O)OCCO1,CCCCCCN,CCCCCCCOP(=O)([O-])OCC[N+](CCCCCC)
2A1P8,CCCCCCCCOP1(=O)OCCO1,CCCCCCN,CCCCCCCCOP(=O)([O-])OCC[N+](CCCCCC)
2A1P9,CCCCCCCCCOP1(=O)OCCO1,CCCCCCN,CCCCCCCCCOP(=O)([O-])OCC[N+](CCCCCC)
2A1P10,CCCCCCCCCCOP1(=O)OCCO1,CCCCCCN,CCCCCCCCCCOP(=O)([O-])OCC[N+](CCCCCC)
2A1P11,CCCCCCCCCCCOP1(=O)OCCO1,CCCCCCN,CCCCCCCCCCCOP(=O)([O-])OCC[N+](CCCCCC)
2A1P12,CCCCCCCCCCCCOP1(=O)OCCO1,CCCCCCN,CCCCCCCCCCCCOP(=O)([O-])OCC[N+](CCCCCC)
2A1P13,CCCCCCCCCCCCCOP1(=O)OCCO1,CCCCCCN,CCCCCCCCCCCCCOP(=O)([O-])OCC[N+](CCCCCC)
2A1P14,CCCCCCCCCCCCCCOP1(=O)OCCO1,CCCCCCN,CCCCCCCCCCCCCCOP(=O)([O-])OCC[N+](CCCCCC)
2A1P15,CCCCCCCCCCCCCCCOP1(=O)OCCO1,CCCCCCN,CCCCCCCCCCCCCCCOP(=O)([O-])OCC[N+](CCCCCC)
2A1P16,CCCCCCCCCCCCCCCCOP1(=O)OCCO1,CCCCCCN,CCCCCCCCCCCCCCCCOP(=O)([O-])OCC[N+](CCCCCC)
3A1P4,CCCCOP1(=O)OCCO1,CCCCCCCCN,CCCCOP(=O)([O-])OCC[N+](CCCCCCCC)
3A1P5,CCCCCOP1(=O)OCCO1,CCCCCCCCN,CCCCCOP(=O)([O-])OCC[N+](CCCCCCCC)
3A1P6,CCCCCCOP1(=O)OCCO1,CCCCCCCCN,CCCCCCOP(=O)([O-])OCC[N+](CCCCCCCC)
3A1P7,CCCCCCCOP1(=O)OCCO1,CCCCCCCCN,CCCCCCCOP(=O)([O-])OCC[N+](CCCCCCCC)
3A1P8,CCCCCCCCOP1(=O)OCCO1,CCCCCCCCN,CCCCCCCCOP(=O)([O-])OCC[N+](CCCCCCCC)
3A1P9,CCCCCCCCCOP1(=O)OCCO1,CCCCCCCCN,CCCCCCCCCOP(=O)([O-])OCC[N+](CCCCCCCC)
3A1P10,CCCCCCCCCCOP1(=O)OCCO1,CCCCCCCCN,CCCCCCCCCCOP(=O)([O-])OCC[N+](CCCCCCCC)
3A1P11,CCCCCCCCCCCOP1(=O)OCCO1,CCCCCCCCN,CCCCCCCCCCCOP(=O)([O-])OCC[N+](CCCCCCCC)
3A1P12,CCCCCCCCCCCCOP1(=O)OCCO1,CCCCCCCCN,CCCCCCCCCCCCOP(=O)([O-])OCC[N+](CCCCCCCC)
3A1P13,CCCCCCCCCCCCCOP1(=O)OCCO1,CCCCCCCCN,CCCCCCCCCCCCCOP(=O)([O-])OCC[N+](CCCCCCCC)
3A1P14,CCCCCCCCCCCCCCOP1(=O)OCCO1,CCCCCCCCN,CCCCCCCCCCCCCCOP(=O)([O-])OCC[N+](CCCCCCCC)
3A1P15,CCCCCCCCCCCCCCCOP1(=O)OCCO1,CCCCCCCCN,CCCCCCCCCCCCCCCOP(=O)([O-])OCC[N+](CCCCCCCC)
3A1P16,CCCCCCCCCCCCCCCCOP1(=O)OCCO1,CCCCCCCCN,CCCCCCCCCCCCCCCCOP(=O)([O-])OCC[N+](CCCCCCCC)
4A1P4,CCCCOP1(=O)OCCO1,CCCCCCCCCCN,CCCCOP(=O)([O-])OCC[N+](CCCCCCCCCC)
4A1P5,CCCCCOP1(=O)OCCO1,CCCCCCCCCCN,CCCCCOP(=O)([O-])OCC[N+](CCCCCCCCCC)
4A1P6,CCCCCCOP1(=O)OCCO1,CCCCCCCCCCN,CCCCCCOP(=O)([O-])OCC[N+](CCCCCCCCCC)
4A1P7,CCCCCCCOP1(=O)OCCO1,CCCCCCCCCCN,CCCCCCCOP(=O)([O-])OCC[N+](CCCCCCCCCC)
4A1P8,CCCCCCCCOP1(=O)OCCO1,CCCCCCCCCCN,CCCCCCCCOP(=O)([O-])OCC[N+](CCCCCCCCCC)
4A1P9,CCCCCCCCCOP1(=O)OCCO1,CCCCCCCCCCN,CCCCCCCCCOP(=O)([O-])OCC[N+](CCCCCCCCCC)
4A1P10,CCCCCCCCCCOP1(=O)OCCO1,CCCCCCCCCCN,CCCCCCCCCCOP(=O)([O-])OCC[N+](CCCCCCCCCC)
4A1P11,CCCCCCCCCCCOP1(=O)OCCO1,CCCCCCCCCCN,CCCCCCCCCCCOP(=O)([O-])OCC[N+](CCCCCCCCCC)
4A1P12,CCCCCCCCCCCCOP1(=O)OCCO1,CCCCCCCCCCN,CCCCCCCCCCCCOP(=O)([O-])OCC[N+](CCCCCCCCCC)
4A1P13,CCCCCCCCCCCCCOP1(=O)OCCO1,CCCCCCCCCCN,CCCCCCCCCCCCCOP(=O)([O-])OCC[N+](CCCCCCCCCC)
4A1P14,CCCCCCCCCCCCCCOP1(=O)OCCO1,CCCCCCCCCCN,CCCCCCCCCCCCCCOP(=O)([O-])OCC[N+](CCCCCCCCCC)
4A1P15,CCCCCCCCCCCCCCCOP1(=O)OCCO1,CCCCCCCCCCN,CCCCCCCCCCCCCCCOP(=O)([O-])OCC[N+](CCCCCCCCCC)
4A1P16,CCCCCCCCCCCCCCCCOP1(=O)OCCO1,CCCCCCCCCCN,CCCCCCCCCCCCCCCCOP(=O)([O-])OCC[N+](CCCCCCCCCC)
5A1P4,CCCCOP1(=O)OCCO1,CCCCCCCCCCCCN,CCCCOP(=O)([O-])OCC[N+](CCCCCCCCCCCC)
5A1P5,CCCCCOP1(=O)OCCO1,CCCCCCCCCCCCN,CCCCCOP(=O)([O-])OCC[N+](CCCCCCCCCCCC)
5A1P6,CCCCCCOP1(=O)OCCO1,CCCCCCCCCCCCN,CCCCCCOP(=O)([O-])OCC[N+](CCCCCCCCCCCC)
5A1P7,CCCCCCCOP1(=O)OCCO1,CCCCCCCCCCCCN,CCCCCCCOP(=O)([O-])OCC[N+](CCCCCCCCCCCC)
5A1P8,CCCCCCCCOP1(=O)OCCO1,CCCCCCCCCCCCN,CCCCCCCCOP(=O)([O-])OCC[N+](CCCCCCCCCCCC)
5A1P9,CCCCCCCCCOP1(=O)OCCO1,CCCCCCCCCCCCN,CCCCCCCCCOP(=O)([O-])OCC[N+](CCCCCCCCCCCC)
5A1P10,CCCCCCCCCCOP1(=O)OCCO1,CCCCCCCCCCCCN,CCCCCCCCCCOP(=O)([O-])OCC[N+](CCCCCCCCCCCC)
5A1P11,CCCCCCCCCCCOP1(=O)OCCO1,CCCCCCCCCCCCN,CCCCCCCCCCCOP(=O)([O-])OCC[N+](CCCCCCCCCCCC)
5A1P12,CCCCCCCCCCCCOP1(=O)OCCO1,CCCCCCCCCCCCN,CCCCCCCCCCCCOP(=O)([O-])OCC[N+](CCCCCCCCCCCC)
5A1P13,CCCCCCCCCCCCCOP1(=O)OCCO1,CCCCCCCCCCCCN,CCCCCCCCCCCCCOP(=O)([O-])OCC[N+](CCCCCCCCCCCC)
5A1P14,CCCCCCCCCCCCCCOP1(=O)OCCO1,CCCCCCCCCCCCN,CCCCCCCCCCCCCCOP(=O)([O-])OCC[N+](CCCCCCCCCCCC)
5A1P15,CCCCCCCCCCCCCCCOP1(=O)OCCO1,CCCCCCCCCCCCN,CCCCCCCCCCCCCCCOP(=O)([O-])OCC[N+](CCCCCCCCCCCC)
5A1P16,CCCCCCCCCCCCCCCCOP1(=O)OCCO1,CCCCCCCCCCCCN,CCCCCCCCCCCCCCCCOP(=O)([O-])OCC[N+](CCCCCCCCCCCC)
6A1P4,CCCCOP1(=O)OCCO1,CCCCCCCCCCCCCCN,CCCCOP(=O)([O-])OCC[N+](CCCCCCCCCCCCCC)
6A1P5,CCCCCOP1(=O)OCCO1,CCCCCCCCCCCCCCN,CCCCCOP(=O)([O-])OCC[N+](CCCCCCCCCCCCCC)
6A1P6,CCCCCCOP1(=O)OCCO1,CCCCCCCCCCCCCCN,CCCCCCOP(=O)([O-])OCC[N+](CCCCCCCCCCCCCC)
6A1P7,CCCCCCCOP1(=O)OCCO1,CCCCCCCCCCCCCCN,CCCCCCCOP(=O)([O-])OCC[N+](CCCCCCCCCCCCCC)
6A1P8,CCCCCCCCOP1(=O)OCCO1,CCCCCCCCCCCCCCN,CCCCCCCCOP(=O)([O-])OCC[N+](CCCCCCCCCCCCCC)
6A1P9,CCCCCCCCCOP1(=O)OCCO1,CCCCCCCCCCCCCCN,CCCCCCCCCOP(=O)([O-])OCC[N+](CCCCCCCCCCCCCC)
6A1P10,CCCCCCCCCCOP1(=O)OCCO1,CCCCCCCCCCCCCCN,CCCCCCCCCCOP(=O)([O-])OCC[N+](CCCCCCCCCCCCCC)
6A1P11,CCCCCCCCCCCOP1(=O)OCCO1,CCCCCCCCCCCCCCN,CCCCCCCCCCCOP(=O)([O-])OCC[N+](CCCCCCCCCCCCCC)
6A1P12,CCCCCCCCCCCCOP1(=O)OCCO1,CCCCCCCCCCCCCCN,CCCCCCCCCCCCOP(=O)([O-])OCC[N+](CCCCCCCCCCCCCC)
6A1P13,CCCCCCCCCCCCCOP1(=O)OCCO1,CCCCCCCCCCCCCCN,CCCCCCCCCCCCCOP(=O)([O-])OCC[N+](CCCCCCCCCCCCCC)
6A1P14,CCCCCCCCCCCCCCOP1(=O)OCCO1,CCCCCCCCCCCCCCN,CCCCCCCCCCCCCCOP(=O)([O-])OCC[N+](CCCCCCCCCCCCCC)
6A1P15,CCCCCCCCCCCCCCCOP1(=O)OCCO1,CCCCCCCCCCCCCCN,CCCCCCCCCCCCCCCOP(=O)([O-])OCC[N+](CCCCCCCCCCCCCC)
6A1P16,CCCCCCCCCCCCCCCCOP1(=O)OCCO1,CCCCCCCCCCCCCCN,CCCCCCCCCCCCCCCCOP(=O)([O-])OCC[N+](CCCCCCCCCCCCCC)
7A1P4,CCCCOP1(=O)OCCO1,CCCCNCCCC,CCCCOP(=O)([O-])OCC[N+](CCCC)(CCCC)
7A1P5,CCCCCOP1(=O)OCCO1,CCCCNCCCC,CCCCCOP(=O)([O-])OCC[N+](CCCC)(CCCC)
7A1P6,CCCCCCOP1(=O)OCCO1,CCCCNCCCC,CCCCCCOP(=O)([O-])OCC[N+](CCCC)(CCCC)
7A1P7,CCCCCCCOP1(=O)OCCO1,CCCCNCCCC,CCCCCCCOP(=O)([O-])OCC[N+](CCCC)(CCCC)
7A1P8,CCCCCCCCOP1(=O)OCCO1,CCCCNCCCC,CCCCCCCCOP(=O)([O-])OCC[N+](CCCC)(CCCC)
7A1P9,CCCCCCCCCOP1(=O)OCCO1,CCCCNCCCC,CCCCCCCCCOP(=O)([O-])OCC[N+](CCCC)(CCCC)
7A1P10,CCCCCCCCCCOP1(=O)OCCO1,CCCCNCCCC,CCCCCCCCCCOP(=O)([O-])OCC[N+](CCCC)(CCCC)
7A1P11,CCCCCCCCCCCOP1(=O)OCCO1,CCCCNCCCC,CCCCCCCCCCCOP(=O)([O-])OCC[N+](CCCC)(CCCC)
7A1P12,CCCCCCCCCCCCOP1(=O)OCCO1,CCCCNCCCC,CCCCCCCCCCCCOP(=O)([O-])OCC[N+](CCCC)(CCCC)
7A1P13,CCCCCCCCCCCCCOP1(=O)OCCO1,CCCCNCCCC,CCCCCCCCCCCCCOP(=O)([O-])OCC[N+](CCCC)(CCCC)
7A1P14,CCCCCCCCCCCCCCOP1(=O)OCCO1,CCCCNCCCC,CCCCCCCCCCCCCCOP(=O)([O-])OCC[N+](CCCC)(CCCC)
7A1P15,CCCCCCCCCCCCCCCOP1(=O)OCCO1,CCCCNCCCC,CCCCCCCCCCCCCCCOP(=O)([O-])OCC[N+](CCCC)(CCCC)
7A1P16,CCCCCCCCCCCCCCCCOP1(=O)OCCO1,CCCCNCCCC,CCCCCCCCCCCCCCCCOP(=O)([O-])OCC[N+](CCCC)(CCCC)
8A1P4,CCCCOP1(=O)OCCO1,CCCCCCNCCCCCC,CCCCOP(=O)([O-])OCC[N+](CCCCCC)(CCCCCC)
8A1P5,CCCCCOP1(=O)OCCO1,CCCCCCNCCCCCC,CCCCCOP(=O)([O-])OCC[N+](CCCCCC)(CCCCCC)
8A1P6,CCCCCCOP1(=O)OCCO1,CCCCCCNCCCCCC,CCCCCCOP(=O)([O-])OCC[N+](CCCCCC)(CCCCCC)
8A1P7,CCCCCCCOP1(=O)OCCO1,CCCCCCNCCCCCC,CCCCCCCOP(=O)([O-])OCC[N+](CCCCCC)(CCCCCC)
8A1P8,CCCCCCCCOP1(=O)OCCO1,CCCCCCNCCCCCC,CCCCCCCCOP(=O)([O-])OCC[N+](CCCCCC)(CCCCCC)
8A1P9,CCCCCCCCCOP1(=O)OCCO1,CCCCCCNCCCCCC,CCCCCCCCCOP(=O)([O-])OCC[N+](CCCCCC)(CCCCCC)
8A1P10,CCCCCCCCCCOP1(=O)OCCO1,CCCCCCNCCCCCC,CCCCCCCCCCOP(=O)([O-])OCC[N+](CCCCCC)(CCCCCC)
8A1P11,CCCCCCCCCCCOP1(=O)OCCO1,CCCCCCNCCCCCC,CCCCCCCCCCCOP(=O)([O-])OCC[N+](CCCCCC)(CCCCCC)
8A1P12,CCCCCCCCCCCCOP1(=O)OCCO1,CCCCCCNCCCCCC,CCCCCCCCCCCCOP(=O)([O-])OCC[N+](CCCCCC)(CCCCCC)
8A1P13,CCCCCCCCCCCCCOP1(=O)OCCO1,CCCCCCNCCCCCC,CCCCCCCCCCCCCOP(=O)([O-])OCC[N+](CCCCCC)(CCCCCC)
8A1P14,CCCCCCCCCCCCCCOP1(=O)OCCO1,CCCCCCNCCCCCC,CCCCCCCCCCCCCCOP(=O)([O-])OCC[N+](CCCCCC)(CCCCCC)
8A1P15,CCCCCCCCCCCCCCCOP1(=O)OCCO1,CCCCCCNCCCCCC,CCCCCCCCCCCCCCCOP(=O)([O-])OCC[N+](CCCCCC)(CCCCCC)
8A1P16,CCCCCCCCCCCCCCCCOP1(=O)OCCO1,CCCCCCNCCCCCC,CCCCCCCCCCCCCCCCOP(=O)([O-])OCC[N+](CCCCCC)(CCCCCC)
9A1P4,CCCCOP1(=O)OCCO1,CCCCCCCCNCCCCCCCC,CCCCOP(=O)([O-])OCC[N+](CCCCCCCC)(CCCCCCCC)
9A1P5,CCCCCOP1(=O)OCCO1,CCCCCCCCNCCCCCCCC,CCCCCOP(=O)([O-])OCC[N+](CCCCCCCC)(CCCCCCCC)
9A1P6,CCCCCCOP1(=O)OCCO1,CCCCCCCCNCCCCCCCC,CCCCCCOP(=O)([O-])OCC[N+](CCCCCCCC)(CCCCCCCC)
9A1P7,CCCCCCCOP1(=O)OCCO1,CCCCCCCCNCCCCCCCC,CCCCCCCOP(=O)([O-])OCC[N+](CCCCCCCC)(CCCCCCCC)
9A1P8,CCCCCCCCOP1(=O)OCCO1,CCCCCCCCNCCCCCCCC,CCCCCCCCOP(=O)([O-])OCC[N+](CCCCCCCC)(CCCCCCCC)
9A1P9,CCCCCCCCCOP1(=O)OCCO1,CCCCCCCCNCCCCCCCC,CCCCCCCCCOP(=O)([O-])OCC[N+](CCCCCCCC)(CCCCCCCC)
9A1P10,CCCCCCCCCCOP1(=O)OCCO1,CCCCCCCCNCCCCCCCC,CCCCCCCCCCOP(=O)([O-])OCC[N+](CCCCCCCC)(CCCCCCCC)
9A1P11,CCCCCCCCCCCOP1(=O)OCCO1,CCCCCCCCNCCCCCCCC,CCCCCCCCCCCOP(=O)([O-])OCC[N+](CCCCCCCC)(CCCCCCCC)
9A1P12,CCCCCCCCCCCCOP1(=O)OCCO1,CCCCCCCCNCCCCCCCC,CCCCCCCCCCCCOP(=O)([O-])OCC[N+](CCCCCCCC)(CCCCCCCC)
9A1P13,CCCCCCCCCCCCCOP1(=O)OCCO1,CCCCCCCCNCCCCCCCC,CCCCCCCCCCCCCOP(=O)([O-])OCC[N+](CCCCCCCC)(CCCCCCCC)
9A1P14,CCCCCCCCCCCCCCOP1(=O)OCCO1,CCCCCCCCNCCCCCCCC,CCCCCCCCCCCCCCOP(=O)([O-])OCC[N+](CCCCCCCC)(CCCCCCCC)
9A1P15,CCCCCCCCCCCCCCCOP1(=O)OCCO1,CCCCCCCCNCCCCCCCC,CCCCCCCCCCCCCCCOP(=O)([O-])OCC[N+](CCCCCCCC)(CCCCCCCC)
9A1P16,CCCCCCCCCCCCCCCCOP1(=O)OCCO1,CCCCCCCCNCCCCCCCC,CCCCCCCCCCCCCCCCOP(=O)([O-])OCC[N+](CCCCCCCC)(CCCCCCCC)
10A1P4,CCCCOP1(=O)OCCO1,CCCCCCCCCCNCCCCCCCCCC,CCCCOP(=O)([O-])OCC[N+](CCCCCCCCCC)(CCCCCCCCCC)
10A1P5,CCCCCOP1(=O)OCCO1,CCCCCCCCCCNCCCCCCCCCC,CCCCCOP(=O)([O-])OCC[N+](CCCCCCCCCC)(CCCCCCCCCC)
10A1P6,CCCCCCOP1(=O)OCCO1,CCCCCCCCCCNCCCCCCCCCC,CCCCCCOP(=O)([O-])OCC[N+](CCCCCCCCCC)(CCCCCCCCCC)
10A1P7,CCCCCCCOP1(=O)OCCO1,CCCCCCCCCCNCCCCCCCCCC,CCCCCCCOP(=O)([O-])OCC[N+](CCCCCCCCCC)(CCCCCCCCCC)
10A1P8,CCCCCCCCOP1(=O)OCCO1,CCCCCCCCCCNCCCCCCCCCC,CCCCCCCCOP(=O)([O-])OCC[N+](CCCCCCCCCC)(CCCCCCCCCC)
10A1P9,CCCCCCCCCOP1(=O)OCCO1,CCCCCCCCCCNCCCCCCCCCC,CCCCCCCCCOP(=O)([O-])OCC[N+](CCCCCCCCCC)(CCCCCCCCCC)
10A1P10,CCCCCCCCCCOP1(=O)OCCO1,CCCCCCCCCCNCCCCCCCCCC,CCCCCCCCCCOP(=O)([O-])OCC[N+](CCCCCCCCCC)(CCCCCCCCCC)
10A1P11,CCCCCCCCCCCOP1(=O)OCCO1,CCCCCCCCCCNCCCCCCCCCC,CCCCCCCCCCCOP(=O)([O-])OCC[N+](CCCCCCCCCC)(CCCCCCCCCC)
10A1P12,CCCCCCCCCCCCOP1(=O)OCCO1,CCCCCCCCCCNCCCCCCCCCC,CCCCCCCCCCCCOP(=O)([O-])OCC[N+](CCCCCCCCCC)(CCCCCCCCCC)
10A1P13,CCCCCCCCCCCCCOP1(=O)OCCO1,CCCCCCCCCCNCCCCCCCCCC,CCCCCCCCCCCCCOP(=O)([O-])OCC[N+](CCCCCCCCCC)(CCCCCCCCCC)
10A1P14,CCCCCCCCCCCCCCOP1(=O)OCCO1,CCCCCCCCCCNCCCCCCCCCC,CCCCCCCCCCCCCCOP(=O)([O-])OCC[N+](CCCCCCCCCC)(CCCCCCCCCC)
10A1P15,CCCCCCCCCCCCCCCOP1(=O)OCCO1,CCCCCCCCCCNCCCCCCCCCC,CCCCCCCCCCCCCCCOP(=O)([O-])OCC[N+](CCCCCCCCCC)(CCCCCCCCCC)
10A1P16,CCCCCCCCCCCCCCCCOP1(=O)OCCO1,CCCCCCCCCCNCCCCCCCCCC,CCCCCCCCCCCCCCCCOP(=O)([O-])OCC[N+](CCCCCCCCCC)(CCCCCCCCCC)
11A1P4,CCCCOP1(=O)OCCO1,CCCCCCCCCCCNCCCCCCCCCCC,CCCCOP(=O)([O-])OCC[N+](CCCCCCCCCCC)(CCCCCCCCCCC)
11A1P5,CCCCCOP1(=O)OCCO1,CCCCCCCCCCCNCCCCCCCCCCC,CCCCCOP(=O)([O-])OCC[N+](CCCCCCCCCCC)(CCCCCCCCCCC)
11A1P6,CCCCCCOP1(=O)OCCO1,CCCCCCCCCCCNCCCCCCCCCCC,CCCCCCOP(=O)([O-])OCC[N+](CCCCCCCCCCC)(CCCCCCCCCCC)
11A1P7,CCCCCCCOP1(=O)OCCO1,CCCCCCCCCCCNCCCCCCCCCCC,CCCCCCCOP(=O)([O-])OCC[N+](CCCCCCCCCCC)(CCCCCCCCCCC)
11A1P8,CCCCCCCCOP1(=O)OCCO1,CCCCCCCCCCCNCCCCCCCCCCC,CCCCCCCCOP(=O)([O-])OCC[N+](CCCCCCCCCCC)(CCCCCCCCCCC)
11A1P9,CCCCCCCCCOP1(=O)OCCO1,CCCCCCCCCCCNCCCCCCCCCCC,CCCCCCCCCOP(=O)([O-])OCC[N+](CCCCCCCCCCC)(CCCCCCCCCCC)
11A1P10,CCCCCCCCCCOP1(=O)OCCO1,CCCCCCCCCCCNCCCCCCCCCCC,CCCCCCCCCCOP(=O)([O-])OCC[N+](CCCCCCCCCCC)(CCCCCCCCCCC)
11A1P11,CCCCCCCCCCCOP1(=O)OCCO1,CCCCCCCCCCCNCCCCCCCCCCC,CCCCCCCCCCCOP(=O)([O-])OCC[N+](CCCCCCCCCCC)(CCCCCCCCCCC)
11A1P12,CCCCCCCCCCCCOP1(=O)OCCO1,CCCCCCCCCCCNCCCCCCCCCCC,CCCCCCCCCCCCOP(=O)([O-])OCC[N+](CCCCCCCCCCC)(CCCCCCCCCCC)
11A1P13,CCCCCCCCCCCCCOP1(=O)OCCO1,CCCCCCCCCCCNCCCCCCCCCCC,CCCCCCCCCCCCCOP(=O)([O-])OCC[N+](CCCCCCCCCCC)(CCCCCCCCCCC)
11A1P14,CCCCCCCCCCCCCCOP1(=O)OCCO1,CCCCCCCCCCCNCCCCCCCCCCC,CCCCCCCCCCCCCCOP(=O)([O-])OCC[N+](CCCCCCCCCCC)(CCCCCCCCCCC)
11A1P15,CCCCCCCCCCCCCCCOP1(=O)OCCO1,CCCCCCCCCCCNCCCCCCCCCCC,CCCCCCCCCCCCCCCOP(=O)([O-])OCC[N+](CCCCCCCCCCC)(CCCCCCCCCCC)
11A1P16,CCCCCCCCCCCCCCCCOP1(=O)OCCO1,CCCCCCCCCCCNCCCCCCCCCCC,CCCCCCCCCCCCCCCCOP(=O)([O-])OCC[N+](CCCCCCCCCCC)(CCCCCCCCCCC)
12A1P4,CCCCOP1(=O)OCCO1,CCCCCCCCCCCCNCCCCCCCCCCCC,CCCCOP(=O)([O-])OCC[N+](CCCCCCCCCCCC)(CCCCCCCCCCCC)
12A1P5,CCCCCOP1(=O)OCCO1,CCCCCCCCCCCCNCCCCCCCCCCCC,CCCCCOP(=O)([O-])OCC[N+](CCCCCCCCCCCC)(CCCCCCCCCCCC)
12A1P6,CCCCCCOP1(=O)OCCO1,CCCCCCCCCCCCNCCCCCCCCCCCC,CCCCCCOP(=O)([O-])OCC[N+](CCCCCCCCCCCC)(CCCCCCCCCCCC)
12A1P7,CCCCCCCOP1(=O)OCCO1,CCCCCCCCCCCCNCCCCCCCCCCCC,CCCCCCCOP(=O)([O-])OCC[N+](CCCCCCCCCCCC)(CCCCCCCCCCCC)
12A1P8,CCCCCCCCOP1(=O)OCCO1,CCCCCCCCCCCCNCCCCCCCCCCCC,CCCCCCCCOP(=O)([O-])OCC[N+](CCCCCCCCCCCC)(CCCCCCCCCCCC)
12A1P9,CCCCCCCCCOP1(=O)OCCO1,CCCCCCCCCCCCNCCCCCCCCCCCC,CCCCCCCCCOP(=O)([O-])OCC[N+](CCCCCCCCCCCC)(CCCCCCCCCCCC)
12A1P10,CCCCCCCCCCOP1(=O)OCCO1,CCCCCCCCCCCCNCCCCCCCCCCCC,CCCCCCCCCCOP(=O)([O-])OCC[N+](CCCCCCCCCCCC)(CCCCCCCCCCCC)
12A1P11,CCCCCCCCCCCOP1(=O)OCCO1,CCCCCCCCCCCCNCCCCCCCCCCCC,CCCCCCCCCCCOP(=O)([O-])OCC[N+](CCCCCCCCCCCC)(CCCCCCCCCCCC)
12A1P12,CCCCCCCCCCCCOP1(=O)OCCO1,CCCCCCCCCCCCNCCCCCCCCCCCC,CCCCCCCCCCCCOP(=O)([O-])OCC[N+](CCCCCCCCCCCC)(CCCCCCCCCCCC)
12A1P13,CCCCCCCCCCCCCOP1(=O)OCCO1,CCCCCCCCCCCCNCCCCCCCCCCCC,CCCCCCCCCCCCCOP(=O)([O-])OCC[N+](CCCCCCCCCCCC)(CCCCCCCCCCCC)
12A1P14,CCCCCCCCCCCCCCOP1(=O)OCCO1,CCCCCCCCCCCCNCCCCCCCCCCCC,CCCCCCCCCCCCCCOP(=O)([O-])OCC[N+](CCCCCCCCCCCC)(CCCCCCCCCCCC)
12A1P15,CCCCCCCCCCCCCCCOP1(=O)OCCO1,CCCCCCCCCCCCNCCCCCCCCCCCC,CCCCCCCCCCCCCCCOP(=O)([O-])OCC[N+](CCCCCCCCCCCC)(CCCCCCCCCCCC)
12A1P16,CCCCCCCCCCCCCCCCOP1(=O)OCCO1,CCCCCCCCCCCCNCCCCCCCCCCCC,CCCCCCCCCCCCCCCCOP(=O)([O-])OCC[N+](CCCCCCCCCCCC)(CCCCCCCCCCCC)
13A1P4,CCCCOP1(=O)OCCO1,CCCCCCCCCCCCCNCCCCCCCCCCCCC,CCCCOP(=O)([O-])OCC[N+](CCCCCCCCCCCCC)(CCCCCCCCCCCCC)
13A1P5,CCCCCOP1(=O)OCCO1,CCCCCCCCCCCCCNCCCCCCCCCCCCC,CCCCCOP(=O)([O-])OCC[N+](CCCCCCCCCCCCC)(CCCCCCCCCCCCC)
13A1P6,CCCCCCOP1(=O)OCCO1,CCCCCCCCCCCCCNCCCCCCCCCCCCC,CCCCCCOP(=O)([O-])OCC[N+](CCCCCCCCCCCCC)(CCCCCCCCCCCCC)
13A1P7,CCCCCCCOP1(=O)OCCO1,CCCCCCCCCCCCCNCCCCCCCCCCCCC,CCCCCCCOP(=O)([O-])OCC[N+](CCCCCCCCCCCCC)(CCCCCCCCCCCCC)
13A1P8,CCCCCCCCOP1(=O)OCCO1,CCCCCCCCCCCCCNCCCCCCCCCCCCC,CCCCCCCCOP(=O)([O-])OCC[N+](CCCCCCCCCCCCC)(CCCCCCCCCCCCC)
13A1P9,CCCCCCCCCOP1(=O)OCCO1,CCCCCCCCCCCCCNCCCCCCCCCCCCC,CCCCCCCCCOP(=O)([O-])OCC[N+](CCCCCCCCCCCCC)(CCCCCCCCCCCCC)
13A1P10,CCCCCCCCCCOP1(=O)OCCO1,CCCCCCCCCCCCCNCCCCCCCCCCCCC,CCCCCCCCCCOP(=O)([O-])OCC[N+](CCCCCCCCCCCCC)(CCCCCCCCCCCCC)
13A1P11,CCCCCCCCCCCOP1(=O)OCCO1,CCCCCCCCCCCCCNCCCCCCCCCCCCC,CCCCCCCCCCCOP(=O)([O-])OCC[N+](CCCCCCCCCCCCC)(CCCCCCCCCCCCC)
13A1P12,CCCCCCCCCCCCOP1(=O)OCCO1,CCCCCCCCCCCCCNCCCCCCCCCCCCC,CCCCCCCCCCCCOP(=O)([O-])OCC[N+](CCCCCCCCCCCCC)(CCCCCCCCCCCCC)
13A1P13,CCCCCCCCCCCCCOP1(=O)OCCO1,CCCCCCCCCCCCCNCCCCCCCCCCCCC,CCCCCCCCCCCCCOP(=O)([O-])OCC[N+](CCCCCCCCCCCCC)(CCCCCCCCCCCCC)
13A1P14,CCCCCCCCCCCCCCOP1(=O)OCCO1,CCCCCCCCCCCCCNCCCCCCCCCCCCC,CCCCCCCCCCCCCCOP(=O)([O-])OCC[N+](CCCCCCCCCCCCC)(CCCCCCCCCCCCC)
13A1P15,CCCCCCCCCCCCCCCOP1(=O)OCCO1,CCCCCCCCCCCCCNCCCCCCCCCCCCC,CCCCCCCCCCCCCCCOP(=O)([O-])OCC[N+](CCCCCCCCCCCCC)(CCCCCCCCCCCCC)
13A1P16,CCCCCCCCCCCCCCCCOP1(=O)OCCO1,CCCCCCCCCCCCCNCCCCCCCCCCCCC,CCCCCCCCCCCCCCCCOP(=O)([O-])OCC[N+](CCCCCCCCCCCCC)(CCCCCCCCCCCCC)
14A1P4,CCCCOP1(=O)OCCO1,CCCCN(CCCC)CCCC,CCCCOP(=O)([O-])OCC[N+](CCCC)(CCCC)(CCCC)
14A1P5,CCCCCOP1(=O)OCCO1,CCCCN(CCCC)CCCC,CCCCCOP(=O)([O-])OCC[N+](CCCC)(CCCC)(CCCC)
14A1P6,CCCCCCOP1(=O)OCCO1,CCCCN(CCCC)CCCC,CCCCCCOP(=O)([O-])OCC[N+](CCCC)(CCCC)(CCCC)
14A1P7,CCCCCCCOP1(=O)OCCO1,CCCCN(CCCC)CCCC,CCCCCCCOP(=O)([O-])OCC[N+](CCCC)(CCCC)(CCCC)
14A1P8,CCCCCCCCOP1(=O)OCCO1,CCCCN(CCCC)CCCC,CCCCCCCCOP(=O)([O-])OCC[N+](CCCC)(CCCC)(CCCC)
14A1P9,CCCCCCCCCOP1(=O)OCCO1,CCCCN(CCCC)CCCC,CCCCCCCCCOP(=O)([O-])OCC[N+](CCCC)(CCCC)(CCCC)
14A1P10,CCCCCCCCCCOP1(=O)OCCO1,CCCCN(CCCC)CCCC,CCCCCCCCCCOP(=O)([O-])OCC[N+](CCCC)(CCCC)(CCCC)
14A1P11,CCCCCCCCCCCOP1(=O)OCCO1,CCCCN(CCCC)CCCC,CCCCCCCCCCCOP(=O)([O-])OCC[N+](CCCC)(CCCC)(CCCC)
14A1P12,CCCCCCCCCCCCOP1(=O)OCCO1,CCCCN(CCCC)CCCC,CCCCCCCCCCCCOP(=O)([O-])OCC[N+](CCCC)(CCCC)(CCCC)
14A1P13,CCCCCCCCCCCCCOP1(=O)OCCO1,CCCCN(CCCC)CCCC,CCCCCCCCCCCCCOP(=O)([O-])OCC[N+](CCCC)(CCCC)(CCCC)
14A1P14,CCCCCCCCCCCCCCOP1(=O)OCCO1,CCCCN(CCCC)CCCC,CCCCCCCCCCCCCCOP(=O)([O-])OCC[N+](CCCC)(CCCC)(CCCC)
14A1P15,CCCCCCCCCCCCCCCOP1(=O)OCCO1,CCCCN(CCCC)CCCC,CCCCCCCCCCCCCCCOP(=O)([O-])OCC[N+](CCCC)(CCCC)(CCCC)
14A1P16,CCCCCCCCCCCCCCCCOP1(=O)OCCO1,CCCCN(CCCC)CCCC,CCCCCCCCCCCCCCCCOP(=O)([O-])OCC[N+](CCCC)(CCCC)(CCCC)
15A1P4,CCCCOP1(=O)OCCO1,CCCCCCN(CCCCCC)CCCCCC,CCCCOP(=O)([O-])OCC[N+](CCCCCC)(CCCCCC)(CCCCCC)
15A1P5,CCCCCOP1(=O)OCCO1,CCCCCCN(CCCCCC)CCCCCC,CCCCCOP(=O)([O-])OCC[N+](CCCCCC)(CCCCCC)(CCCCCC)
15A1P6,CCCCCCOP1(=O)OCCO1,CCCCCCN(CCCCCC)CCCCCC,CCCCCCOP(=O)([O-])OCC[N+](CCCCCC)(CCCCCC)(CCCCCC)
15A1P7,CCCCCCCOP1(=O)OCCO1,CCCCCCN(CCCCCC)CCCCCC,CCCCCCCOP(=O)([O-])OCC[N+](CCCCCC)(CCCCCC)(CCCCCC)
15A1P8,CCCCCCCCOP1(=O)OCCO1,CCCCCCN(CCCCCC)CCCCCC,CCCCCCCCOP(=O)([O-])OCC[N+](CCCCCC)(CCCCCC)(CCCCCC)
15A1P9,CCCCCCCCCOP1(=O)OCCO1,CCCCCCN(CCCCCC)CCCCCC,CCCCCCCCCOP(=O)([O-])OCC[N+](CCCCCC)(CCCCCC)(CCCCCC)
15A1P10,CCCCCCCCCCOP1(=O)OCCO1,CCCCCCN(CCCCCC)CCCCCC,CCCCCCCCCCOP(=O)([O-])OCC[N+](CCCCCC)(CCCCCC)(CCCCCC)
15A1P11,CCCCCCCCCCCOP1(=O)OCCO1,CCCCCCN(CCCCCC)CCCCCC,CCCCCCCCCCCOP(=O)([O-])OCC[N+](CCCCCC)(CCCCCC)(CCCCCC)
15A1P12,CCCCCCCCCCCCOP1(=O)OCCO1,CCCCCCN(CCCCCC)CCCCCC,CCCCCCCCCCCCOP(=O)([O-])OCC[N+](CCCCCC)(CCCCCC)(CCCCCC)
15A1P13,CCCCCCCCCCCCCOP1(=O)OCCO1,CCCCCCN(CCCCCC)CCCCCC,CCCCCCCCCCCCCOP(=O)([O-])OCC[N+](CCCCCC)(CCCCCC)(CCCCCC)
15A1P14,CCCCCCCCCCCCCCOP1(=O)OCCO1,CCCCCCN(CCCCCC)CCCCCC,CCCCCCCCCCCCCCOP(=O)([O-])OCC[N+](CCCCCC)(CCCCCC)(CCCCCC)
15A1P15,CCCCCCCCCCCCCCCOP1(=O)OCCO1,CCCCCCN(CCCCCC)CCCCCC,CCCCCCCCCCCCCCCOP(=O)([O-])OCC[N+](CCCCCC)(CCCCCC)(CCCCCC)
15A1P16,CCCCCCCCCCCCCCCCOP1(=O)OCCO1,CCCCCCN(CCCCCC)CCCCCC,CCCCCCCCCCCCCCCCOP(=O)([O-])OCC[N+](CCCCCC)(CCCCCC)(CCCCCC)
16A1P4,CCCCOP1(=O)OCCO1,CCCCCCCCN(CCCCCCCC)CCCCCCCC,CCCCOP(=O)([O-])OCC[N+](CCCCCCCC)(CCCCCCCC)(CCCCCCCC)
16A1P5,CCCCCOP1(=O)OCCO1,CCCCCCCCN(CCCCCCCC)CCCCCCCC,CCCCCOP(=O)([O-])OCC[N+](CCCCCCCC)(CCCCCCCC)(CCCCCCCC)
16A1P6,CCCCCCOP1(=O)OCCO1,CCCCCCCCN(CCCCCCCC)CCCCCCCC,CCCCCCOP(=O)([O-])OCC[N+](CCCCCCCC)(CCCCCCCC)(CCCCCCCC)
16A1P7,CCCCCCCOP1(=O)OCCO1,CCCCCCCCN(CCCCCCCC)CCCCCCCC,CCCCCCCOP(=O)([O-])OCC[N+](CCCCCCCC)(CCCCCCCC)(CCCCCCCC)
16A1P8,CCCCCCCCOP1(=O)OCCO1,CCCCCCCCN(CCCCCCCC)CCCCCCCC,CCCCCCCCOP(=O)([O-])OCC[N+](CCCCCCCC)(CCCCCCCC)(CCCCCCCC)
16A1P9,CCCCCCCCCOP1(=O)OCCO1,CCCCCCCCN(CCCCCCCC)CCCCCCCC,CCCCCCCCCOP(=O)([O-])OCC[N+](CCCCCCCC)(CCCCCCCC)(CCCCCCCC)
16A1P10,CCCCCCCCCCOP1(=O)OCCO1,CCCCCCCCN(CCCCCCCC)CCCCCCCC,CCCCCCCCCCOP(=O)([O-])OCC[N+](CCCCCCCC)(CCCCCCCC)(CCCCCCCC)
16A1P11,CCCCCCCCCCCOP1(=O)OCCO1,CCCCCCCCN(CCCCCCCC)CCCCCCCC,CCCCCCCCCCCOP(=O)([O-])OCC[N+](CCCCCCCC)(CCCCCCCC)(CCCCCCCC)
16A1P12,CCCCCCCCCCCCOP1(=O)OCCO1,CCCCCCCCN(CCCCCCCC)CCCCCCCC,CCCCCCCCCCCCOP(=O)([O-])OCC[N+](CCCCCCCC)(CCCCCCCC)(CCCCCCCC)
16A1P13,CCCCCCCCCCCCCOP1(=O)OCCO1,CCCCCCCCN(CCCCCCCC)CCCCCCCC,CCCCCCCCCCCCCOP(=O)([O-])OCC[N+](CCCCCCCC)(CCCCCCCC)(CCCCCCCC)
16A1P14,CCCCCCCCCCCCCCOP1(=O)OCCO1,CCCCCCCCN(CCCCCCCC)CCCCCCCC,CCCCCCCCCCCCCCOP(=O)([O-])OCC[N+](CCCCCCCC)(CCCCCCCC)(CCCCCCCC)
16A1P15,CCCCCCCCCCCCCCCOP1(=O)OCCO1,CCCCCCCCN(CCCCCCCC)CCCCCCCC,CCCCCCCCCCCCCCCOP(=O)([O-])OCC[N+](CCCCCCCC)(CCCCCCCC)(CCCCCCCC)
16A1P16,CCCCCCCCCCCCCCCCOP1(=O)OCCO1,CCCCCCCCN(CCCCCCCC)CCCCCCCC,CCCCCCCCCCCCCCCCOP(=O)([O-])OCC[N+](CCCCCCCC)(CCCCCCCC)(CCCCCCCC)
17A1P4,CCCCOP1(=O)OCCO1,CCCCCCCCCCN(CCCCCCCCCC)CCCCCCCCCC,CCCCOP(=O)([O-])OCC[N+](CCCCCCCCCC)(CCCCCCCCCC)(CCCCCCCCCC)
17A1P5,CCCCCOP1(=O)OCCO1,CCCCCCCCCCN(CCCCCCCCCC)CCCCCCCCCC,CCCCCOP(=O)([O-])OCC[N+](CCCCCCCCCC)(CCCCCCCCCC)(CCCCCCCCCC)
17A1P6,CCCCCCOP1(=O)OCCO1,CCCCCCCCCCN(CCCCCCCCCC)CCCCCCCCCC,CCCCCCOP(=O)([O-])OCC[N+](CCCCCCCCCC)(CCCCCCCCCC)(CCCCCCCCCC)
17A1P7,CCCCCCCOP1(=O)OCCO1,CCCCCCCCCCN(CCCCCCCCCC)CCCCCCCCCC,CCCCCCCOP(=O)([O-])OCC[N+](CCCCCCCCCC)(CCCCCCCCCC)(CCCCCCCCCC)
17A1P8,CCCCCCCCOP1(=O)OCCO1,CCCCCCCCCCN(CCCCCCCCCC)CCCCCCCCCC,CCCCCCCCOP(=O)([O-])OCC[N+](CCCCCCCCCC)(CCCCCCCCCC)(CCCCCCCCCC)
17A1P9,CCCCCCCCCOP1(=O)OCCO1,CCCCCCCCCCN(CCCCCCCCCC)CCCCCCCCCC,CCCCCCCCCOP(=O)([O-])OCC[N+](CCCCCCCCCC)(CCCCCCCCCC)(CCCCCCCCCC)
17A1P10,CCCCCCCCCCOP1(=O)OCCO1,CCCCCCCCCCN(CCCCCCCCCC)CCCCCCCCCC,CCCCCCCCCCOP(=O)([O-])OCC[N+](CCCCCCCCCC)(CCCCCCCCCC)(CCCCCCCCCC)
17A1P11,CCCCCCCCCCCOP1(=O)OCCO1,CCCCCCCCCCN(CCCCCCCCCC)CCCCCCCCCC,CCCCCCCCCCCOP(=O)([O-])OCC[N+](CCCCCCCCCC)(CCCCCCCCCC)(CCCCCCCCCC)
17A1P12,CCCCCCCCCCCCOP1(=O)OCCO1,CCCCCCCCCCN(CCCCCCCCCC)CCCCCCCCCC,CCCCCCCCCCCCOP(=O)([O-])OCC[N+](CCCCCCCCCC)(CCCCCCCCCC)(CCCCCCCCCC)
17A1P13,CCCCCCCCCCCCCOP1(=O)OCCO1,CCCCCCCCCCN(CCCCCCCCCC)CCCCCCCCCC,CCCCCCCCCCCCCOP(=O)([O-])OCC[N+](CCCCCCCCCC)(CCCCCCCCCC)(CCCCCCCCCC)
17A1P14,CCCCCCCCCCCCCCOP1(=O)OCCO1,CCCCCCCCCCN(CCCCCCCCCC)CCCCCCCCCC,CCCCCCCCCCCCCCOP(=O)([O-])OCC[N+](CCCCCCCCCC)(CCCCCCCCCC)(CCCCCCCCCC)
17A1P15,CCCCCCCCCCCCCCCOP1(=O)OCCO1,CCCCCCCCCCN(CCCCCCCCCC)CCCCCCCCCC,CCCCCCCCCCCCCCCOP(=O)([O-])OCC[N+](CCCCCCCCCC)(CCCCCCCCCC)(CCCCCCCCCC)
17A1P16,CCCCCCCCCCCCCCCCOP1(=O)OCCO1,CCCCCCCCCCN(CCCCCCCCCC)CCCCCCCCCC,CCCCCCCCCCCCCCCCOP(=O)([O-])OCC[N+](CCCCCCCCCC)(CCCCCCCCCC)(CCCCCCCCCC)
18A1P4,CCCCOP1(=O)OCCO1,CCCCCCCCCCCCN(CCCCCCCCCCCC)CCCCCCCCCCCC,CCCCOP(=O)([O-])OCC[N+](CCCCCCCCCCCC)(CCCCCCCCCCCC)(CCCCCCCCCCCC)
18A1P5,CCCCCOP1(=O)OCCO1,CCCCCCCCCCCCN(CCCCCCCCCCCC)CCCCCCCCCCCC,CCCCCOP(=O)([O-])OCC[N+](CCCCCCCCCCCC)(CCCCCCCCCCCC)(CCCCCCCCCCCC)
18A1P6,CCCCCCOP1(=O)OCCO1,CCCCCCCCCCCCN(CCCCCCCCCCCC)CCCCCCCCCCCC,CCCCCCOP(=O)([O-])OCC[N+](CCCCCCCCCCCC)(CCCCCCCCCCCC)(CCCCCCCCCCCC)
18A1P7,CCCCCCCOP1(=O)OCCO1,CCCCCCCCCCCCN(CCCCCCCCCCCC)CCCCCCCCCCCC,CCCCCCCOP(=O)([O-])OCC[N+](CCCCCCCCCCCC)(CCCCCCCCCCCC)(CCCCCCCCCCCC)
18A1P8,CCCCCCCCOP1(=O)OCCO1,CCCCCCCCCCCCN(CCCCCCCCCCCC)CCCCCCCCCCCC,CCCCCCCCOP(=O)([O-])OCC[N+](CCCCCCCCCCCC)(CCCCCCCCCCCC)(CCCCCCCCCCCC)
18A1P9,CCCCCCCCCOP1(=O)OCCO1,CCCCCCCCCCCCN(CCCCCCCCCCCC)CCCCCCCCCCCC,CCCCCCCCCOP(=O)([O-])OCC[N+](CCCCCCCCCCCC)(CCCCCCCCCCCC)(CCCCCCCCCCCC)
18A1P10,CCCCCCCCCCOP1(=O)OCCO1,CCCCCCCCCCCCN(CCCCCCCCCCCC)CCCCCCCCCCCC,CCCCCCCCCCOP(=O)([O-])OCC[N+](CCCCCCCCCCCC)(CCCCCCCCCCCC)(CCCCCCCCCCCC)
18A1P11,CCCCCCCCCCCOP1(=O)OCCO1,CCCCCCCCCCCCN(CCCCCCCCCCCC)CCCCCCCCCCCC,CCCCCCCCCCCOP(=O)([O-])OCC[N+](CCCCCCCCCCCC)(CCCCCCCCCCCC)(CCCCCCCCCCCC)
18A1P12,CCCCCCCCCCCCOP1(=O)OCCO1,CCCCCCCCCCCCN(CCCCCCCCCCCC)CCCCCCCCCCCC,CCCCCCCCCCCCOP(=O)([O-])OCC[N+](CCCCCCCCCCCC)(CCCCCCCCCCCC)(CCCCCCCCCCCC)
18A1P13,CCCCCCCCCCCCCOP1(=O)OCCO1,CCCCCCCCCCCCN(CCCCCCCCCCCC)CCCCCCCCCCCC,CCCCCCCCCCCCCOP(=O)([O-])OCC[N+](CCCCCCCCCCCC)(CCCCCCCCCCCC)(CCCCCCCCCCCC)
18A1P14,CCCCCCCCCCCCCCOP1(=O)OCCO1,CCCCCCCCCCCCN(CCCCCCCCCCCC)CCCCCCCCCCCC,CCCCCCCCCCCCCCOP(=O)([O-])OCC[N+](CCCCCCCCCCCC)(CCCCCCCCCCCC)(CCCCCCCCCCCC)
18A1P15,CCCCCCCCCCCCCCCOP1(=O)OCCO1,CCCCCCCCCCCCN(CCCCCCCCCCCC)CCCCCCCCCCCC,CCCCCCCCCCCCCCCOP(=O)([O-])OCC[N+](CCCCCCCCCCCC)(CCCCCCCCCCCC)(CCCCCCCCCCCC)
18A1P16,CCCCCCCCCCCCCCCCOP1(=O)OCCO1,CCCCCCCCCCCCN(CCCCCCCCCCCC)CCCCCCCCCCCC,CCCCCCCCCCCCCCCCOP(=O)([O-])OCC[N+](CCCCCCCCCCCC)(CCCCCCCCCCCC)(CCCCCCCCCCCC)
20A2P4,CCCCOP1(=O)OCCO1,C(CN1CCNCC1)N,CCCCOP(=O)([O-])OCC[NH2+]CCN1CC[NH+](CCOP(=O)([O-])OCCCC)CC1
20A2P5,CCCCCOP1(=O)OCCO1,C(CN1CCNCC1)N,CCCCCOP(=O)([O-])OCC[NH2+]CCN1CC[NH+](CCOP(=O)([O-])OCCCCC)CC1
20A2P6,CCCCCCOP1(=O)OCCO1,C(CN1CCNCC1)N,CCCCCCOP(=O)([O-])OCC[NH2+]CCN1CC[NH+](CCOP(=O)([O-])OCCCCCC)CC1
20A2P7,CCCCCCCOP1(=O)OCCO1,C(CN1CCNCC1)N,CCCCCCCOP(=O)([O-])OCC[NH2+]CCN1CC[NH+](CCOP(=O)([O-])OCCCCCCC)CC1
20A2P8,CCCCCCCCOP1(=O)OCCO1,C(CN1CCNCC1)N,CCCCCCCCOP(=O)([O-])OCC[NH2+]CCN1CC[NH+](CCOP(=O)([O-])OCCCCCCCC)CC1
20A2P9,CCCCCCCCCOP1(=O)OCCO1,C(CN1CCNCC1)N,CCCCCCCCCOP(=O)([O-])OCC[NH2+]CCN1CC[NH+](CCOP(=O)([O-])OCCCCCCCCC)CC1
20A2P10,CCCCCCCCCCOP1(=O)OCCO1,C(CN1CCNCC1)N,CCCCCCCCCCOP(=O)([O-])OCC[NH2+]CCN1CC[NH+](CCOP(=O)([O-])OCCCCCCCCCC)CC1
20A2P11,CCCCCCCCCCCOP1(=O)OCCO1,C(CN1CCNCC1)N,CCCCCCCCCCCOP(=O)([O-])OCC[NH2+]CCN1CC[NH+](CCOP(=O)([O-])OCCCCCCCCCCC)CC1
20A2P12,CCCCCCCCCCCCOP1(=O)OCCO1,C(CN1CCNCC1)N,CCCCCCCCCCCCOP(=O)([O-])OCC[NH2+]CCN1CC[NH+](CCOP(=O)([O-])OCCCCCCCCCCCC)CC1
20A2P13,CCCCCCCCCCCCCOP1(=O)OCCO1,C(CN1CCNCC1)N,CCCCCCCCCCCCCOP(=O)([O-])OCC[NH2+]CCN1CC[NH+](CCOP(=O)([O-])OCCCCCCCCCCCCC)CC1
20A2P14,CCCCCCCCCCCCCCOP1(=O)OCCO1,C(CN1CCNCC1)N,CCCCCCCCCCCCCCOP(=O)([O-])OCC[NH2+]CCN1CC[NH+](CCOP(=O)([O-])OCCCCCCCCCCCCCC)CC1
20A2P15,CCCCCCCCCCCCCCCOP1(=O)OCCO1,C(CN1CCNCC1)N,CCCCCCCCCCCCCCCOP(=O)([O-])OCC[NH2+]CCN1CC[NH+](CCOP(=O)([O-])OCCCCCCCCCCCCCCC)CC1
20A2P16,CCCCCCCCCCCCCCCCOP1(=O)OCCO1,C(CN1CCNCC1)N,CCCCCCCCCCCCCCCCOP(=O)([O-])OCC[NH2+]CCN1CC[NH+](CCOP(=O)([O-])OCCCCCCCCCCCCCCCC)CC1
21A2P4,CCCCOP1(=O)OCCO1,CN(C)CCCNCCCN,CCCCOP(=O)([O-])OCC[NH2+]CCC[NH+](CCCN(C)C)CCOP(=O)([O-])OCCCC
21A2P5,CCCCCOP1(=O)OCCO1,CN(C)CCCNCCCN,CCCCCOP(=O)([O-])OCC[NH2+]CCC[NH+](CCCN(C)C)CCOP(=O)([O-])OCCCCC
21A2P6,CCCCCCOP1(=O)OCCO1,CN(C)CCCNCCCN,CCCCCCOP(=O)([O-])OCC[NH2+]CCC[NH+](CCCN(C)C)CCOP(=O)([O-])OCCCCCC
21A2P7,CCCCCCCOP1(=O)OCCO1,CN(C)CCCNCCCN,CCCCCCCOP(=O)([O-])OCC[NH2+]CCC[NH+](CCCN(C)C)CCOP(=O)([O-])OCCCCCCC
21A2P8,CCCCCCCCOP1(=O)OCCO1,CN(C)CCCNCCCN,CCCCCCCCOP(=O)([O-])OCC[NH2+]CCC[NH+](CCCN(C)C)CCOP(=O)([O-])OCCCCCCCC
21A2P9,CCCCCCCCCOP1(=O)OCCO1,CN(C)CCCNCCCN,CCCCCCCCCOP(=O)([O-])OCC[NH2+]CCC[NH+](CCCN(C)C)CCOP(=O)([O-])OCCCCCCCCC
21A2P10,CCCCCCCCCCOP1(=O)OCCO1,CN(C)CCCNCCCN,CCCCCCCCCCOP(=O)([O-])OCC[NH2+]CCC[NH+](CCCN(C)C)CCOP(=O)([O-])OCCCCCCCCCC
21A2P11,CCCCCCCCCCCOP1(=O)OCCO1,CN(C)CCCNCCCN,CCCCCCCCCCCOP(=O)([O-])OCC[NH2+]CCC[NH+](CCCN(C)C)CCOP(=O)([O-])OCCCCCCCCCCC
21A2P12,CCCCCCCCCCCCOP1(=O)OCCO1,CN(C)CCCNCCCN,CCCCCCCCCCCCOP(=O)([O-])OCC[NH2+]CCC[NH+](CCCN(C)C)CCOP(=O)([O-])OCCCCCCCCCCCC
21A2P13,CCCCCCCCCCCCCOP1(=O)OCCO1,CN(C)CCCNCCCN,CCCCCCCCCCCCCOP(=O)([O-])OCC[NH2+]CCC[NH+](CCCN(C)C)CCOP(=O)([O-])OCCCCCCCCCCCCC
21A2P14,CCCCCCCCCCCCCCOP1(=O)OCCO1,CN(C)CCCNCCCN,CCCCCCCCCCCCCCOP(=O)([O-])OCC[NH2+]CCC[NH+](CCCN(C)C)CCOP(=O)([O-])OCCCCCCCCCCCCCC
21A2P15,CCCCCCCCCCCCCCCOP1(=O)OCCO1,CN(C)CCCNCCCN,CCCCCCCCCCCCCCCOP(=O)([O-])OCC[NH2+]CCC[NH+](CCCN(C)C)CCOP(=O)([O-])OCCCCCCCCCCCCCCC
21A2P16,CCCCCCCCCCCCCCCCOP1(=O)OCCO1,CN(C)CCCNCCCN,CCCCCCCCCCCCCCCCOP(=O)([O-])OCC[NH2+]CCC[NH+](CCCN(C)C)CCOP(=O)([O-])OCCCCCCCCCCCCCCCC
22A2P4,CCCCOP1(=O)OCCO1,CN(CCCN)CCCN,CCCCOP(=O)([O-])OCC[NH2+]CCCN(C)CCC[NH2+]CCOP(=O)([O-])OCCCC
22A2P5,CCCCCOP1(=O)OCCO1,CN(CCCN)CCCN,CCCCCOP(=O)([O-])OCC[NH2+]CCCN(C)CCC[NH2+]CCOP(=O)([O-])OCCCCC
22A2P6,CCCCCCOP1(=O)OCCO1,CN(CCCN)CCCN,CCCCCCOP(=O)([O-])OCC[NH2+]CCCN(C)CCC[NH2+]CCOP(=O)([O-])OCCCCCC
22A2P7,CCCCCCCOP1(=O)OCCO1,CN(CCCN)CCCN,CCCCCCCOP(=O)([O-])OCC[NH2+]CCCN(C)CCC[NH2+]CCOP(=O)([O-])OCCCCCCC
22A2P8,CCCCCCCCOP1(=O)OCCO1,CN(CCCN)CCCN,CCCCCCCCOP(=O)([O-])OCC[NH2+]CCCN(C)CCC[NH2+]CCOP(=O)([O-])OCCCCCCCC
22A2P9,CCCCCCCCCOP1(=O)OCCO1,CN(CCCN)CCCN,CCCCCCCCCOP(=O)([O-])OCC[NH2+]CCCN(C)CCC[NH2+]CCOP(=O)([O-])OCCCCCCCCC
22A2P10,CCCCCCCCCCOP1(=O)OCCO1,CN(CCCN)CCCN,CCCCCCCCCCOP(=O)([O-])OCC[NH2+]CCCN(C)CCC[NH2+]CCOP(=O)([O-])OCCCCCCCCCC
22A2P11,CCCCCCCCCCCOP1(=O)OCCO1,CN(CCCN)CCCN,CCCCCCCCCCCOP(=O)([O-])OCC[NH2+]CCCN(C)CCC[NH2+]CCOP(=O)([O-])OCCCCCCCCCCC
22A2P12,CCCCCCCCCCCCOP1(=O)OCCO1,CN(CCCN)CCCN,CCCCCCCCCCCCOP(=O)([O-])OCC[NH2+]CCCN(C)CCC[NH2+]CCOP(=O)([O-])OCCCCCCCCCCCC
22A2P13,CCCCCCCCCCCCCOP1(=O)OCCO1,CN(CCCN)CCCN,CCCCCCCCCCCCCOP(=O)([O-])OCC[NH2+]CCCN(C)CCC[NH2+]CCOP(=O)([O-])OCCCCCCCCCCCCC
22A2P14,CCCCCCCCCCCCCCOP1(=O)OCCO1,CN(CCCN)CCCN,CCCCCCCCCCCCCCOP(=O)([O-])OCC[NH2+]CCCN(C)CCC[NH2+]CCOP(=O)([O-])OCCCCCCCCCCCCCC
22A2P15,CCCCCCCCCCCCCCCOP1(=O)OCCO1,CN(CCCN)CCCN,CCCCCCCCCCCCCCCOP(=O)([O-])OCC[NH2+]CCCN(C)CCC[NH2+]CCOP(=O)([O-])OCCCCCCCCCCCCCCC
22A2P16,CCCCCCCCCCCCCCCCOP1(=O)OCCO1,CN(CCCN)CCCN,CCCCCCCCCCCCCCCCOP(=O)([O-])OCC[NH2+]CCCN(C)CCC[NH2+]CCOP(=O)([O-])OCCCCCCCCCCCCCCCC
23A2P4,CCCCOP1(=O)OCCO1,C(CN)CN1CCN(CCCN)CC1,CCCCOP(=O)([O-])OCC[NH2+]CCCN1CCN(CCC[NH2+]CCOP(=O)([O-])OCCCC)CC1
23A2P5,CCCCCOP1(=O)OCCO1,C(CN)CN1CCN(CCCN)CC1,CCCCCOP(=O)([O-])OCC[NH2+]CCCN1CCN(CCC[NH2+]CCOP(=O)([O-])OCCCCC)CC1
23A2P6,CCCCCCOP1(=O)OCCO1,C(CN)CN1CCN(CCCN)CC1,CCCCCCOP(=O)([O-])OCC[NH2+]CCCN1CCN(CCC[NH2+]CCOP(=O)([O-])OCCCCCC)CC1
23A2P7,CCCCCCCOP1(=O)OCCO1,C(CN)CN1CCN(CCCN)CC1,CCCCCCCOP(=O)([O-])OCC[NH2+]CCCN1CCN(CCC[NH2+]CCOP(=O)([O-])OCCCCCCC)CC1
23A2P8,CCCCCCCCOP1(=O)OCCO1,C(CN)CN1CCN(CCCN)CC1,CCCCCCCCOP(=O)([O-])OCC[NH2+]CCCN1CCN(CCC[NH2+]CCOP(=O)([O-])OCCCCCCCC)CC1
23A2P9,CCCCCCCCCOP1(=O)OCCO1,C(CN)CN1CCN(CCCN)CC1,CCCCCCCCCOP(=O)([O-])OCC[NH2+]CCCN1CCN(CCC[NH2+]CCOP(=O)([O-])OCCCCCCCCC)CC1
23A2P10,CCCCCCCCCCOP1(=O)OCCO1,C(CN)CN1CCN(CCCN)CC1,CCCCCCCCCCOP(=O)([O-])OCC[NH2+]CCCN1CCN(CCC[NH2+]CCOP(=O)([O-])OCCCCCCCCCC)CC1
23A2P11,CCCCCCCCCCCOP1(=O)OCCO1,C(CN)CN1CCN(CCCN)CC1,CCCCCCCCCCCOP(=O)([O-])OCC[NH2+]CCCN1CCN(CCC[NH2+]CCOP(=O)([O-])OCCCCCCCCCCC)CC1
23A2P12,CCCCCCCCCCCCOP1(=O)OCCO1,C(CN)CN1CCN(CCCN)CC1,CCCCCCCCCCCCOP(=O)([O-])OCC[NH2+]CCCN1CCN(CCC[NH2+]CCOP(=O)([O-])OCCCCCCCCCCCC)CC1
23A2P13,CCCCCCCCCCCCCOP1(=O)OCCO1,C(CN)CN1CCN(CCCN)CC1,CCCCCCCCCCCCCOP(=O)([O-])OCC[NH2+]CCCN1CCN(CCC[NH2+]CCOP(=O)([O-])OCCCCCCCCCCCCC)CC1
23A2P14,CCCCCCCCCCCCCCOP1(=O)OCCO1,C(CN)CN1CCN(CCCN)CC1,CCCCCCCCCCCCCCOP(=O)([O-])OCC[NH2+]CCCN1CCN(CCC[NH2+]CCOP(=O)([O-])OCCCCCCCCCCCCCC)CC1
23A2P15,CCCCCCCCCCCCCCCOP1(=O)OCCO1,C(CN)CN1CCN(CCCN)CC1,CCCCCCCCCCCCCCCOP(=O)([O-])OCC[NH2+]CCCN1CCN(CCC[NH2+]CCOP(=O)([O-])OCCCCCCCCCCCCCCC)CC1
23A2P16,CCCCCCCCCCCCCCCCOP1(=O)OCCO1,C(CN)CN1CCN(CCCN)CC1,CCCCCCCCCCCCCCCCOP(=O)([O-])OCC[NH2+]CCCN1CCN(CCC[NH2+]CCOP(=O)([O-])OCCCCCCCCCCCCCCCC)CC1
24A2P4,CCCCOP1(=O)OCCO1,C(CNCCNCCN)N,CCCCOP(=O)([O-])OCC[NH2+]CCNCCNCC[NH2+]CCOP(=O)([O-])OCCCC
24A2P5,CCCCCOP1(=O)OCCO1,C(CNCCNCCN)N,CCCCCOP(=O)([O-])OCC[NH2+]CCNCCNCC[NH2+]CCOP(=O)([O-])OCCCCC
24A2P6,CCCCCCOP1(=O)OCCO1,C(CNCCNCCN)N,CCCCCCOP(=O)([O-])OCC[NH2+]CCNCCNCC[NH2+]CCOP(=O)([O-])OCCCCCC
24A2P7,CCCCCCCOP1(=O)OCCO1,C(CNCCNCCN)N,CCCCCCCOP(=O)([O-])OCC[NH2+]CCNCCNCC[NH2+]CCOP(=O)([O-])OCCCCCCC
24A2P8,CCCCCCCCOP1(=O)OCCO1,C(CNCCNCCN)N,CCCCCCCCOP(=O)([O-])OCC[NH2+]CCNCCNCC[NH2+]CCOP(=O)([O-])OCCCCCCCC
24A2P9,CCCCCCCCCOP1(=O)OCCO1,C(CNCCNCCN)N,CCCCCCCCCOP(=O)([O-])OCC[NH2+]CCNCCNCC[NH2+]CCOP(=O)([O-])OCCCCCCCCC
24A2P10,CCCCCCCCCCOP1(=O)OCCO1,C(CNCCNCCN)N,CCCCCCCCCCOP(=O)([O-])OCC[NH2+]CCNCCNCC[NH2+]CCOP(=O)([O-])OCCCCCCCCCC
24A2P11,CCCCCCCCCCCOP1(=O)OCCO1,C(CNCCNCCN)N,CCCCCCCCCCCOP(=O)([O-])OCC[NH2+]CCNCCNCC[NH2+]CCOP(=O)([O-])OCCCCCCCCCCC
24A2P12,CCCCCCCCCCCCOP1(=O)OCCO1,C(CNCCNCCN)N,CCCCCCCCCCCCOP(=O)([O-])OCC[NH2+]CCNCCNCC[NH2+]CCOP(=O)([O-])OCCCCCCCCCCCC
24A2P13,CCCCCCCCCCCCCOP1(=O)OCCO1,C(CNCCNCCN)N,CCCCCCCCCCCCCOP(=O)([O-])OCC[NH2+]CCNCCNCC[NH2+]CCOP(=O)([O-])OCCCCCCCCCCCCC
24A2P14,CCCCCCCCCCCCCCOP1(=O)OCCO1,C(CNCCNCCN)N,CCCCCCCCCCCCCCOP(=O)([O-])OCC[NH2+]CCNCCNCC[NH2+]CCOP(=O)([O-])OCCCCCCCCCCCCCC
24A2P15,CCCCCCCCCCCCCCCOP1(=O)OCCO1,C(CNCCNCCN)N,CCCCCCCCCCCCCCCOP(=O)([O-])OCC[NH2+]CCNCCNCC[NH2+]CCOP(=O)([O-])OCCCCCCCCCCCCCCC
24A2P16,CCCCCCCCCCCCCCCCOP1(=O)OCCO1,C(CNCCNCCN)N,CCCCCCCCCCCCCCCCOP(=O)([O-])OCC[NH2+]CCNCCNCC[NH2+]CCOP(=O)([O-])OCCCCCCCCCCCCCCCC
25A2P4,CCCCOP1(=O)OCCO1,C(CCNCCCN)CNCCCN,CCCCOP(=O)([O-])OCC[NH2+]CCCNCCCCNCCC[NH2+]CCOP(=O)([O-])OCCCC
25A2P5,CCCCCOP1(=O)OCCO1,C(CCNCCCN)CNCCCN,CCCCCOP(=O)([O-])OCC[NH2+]CCCNCCCCNCCC[NH2+]CCOP(=O)([O-])OCCCCC
25A2P6,CCCCCCOP1(=O)OCCO1,C(CCNCCCN)CNCCCN,CCCCCCOP(=O)([O-])OCC[NH2+]CCCNCCCCNCCC[NH2+]CCOP(=O)([O-])OCCCCCC
25A2P7,CCCCCCCOP1(=O)OCCO1,C(CCNCCCN)CNCCCN,CCCCCCCOP(=O)([O-])OCC[NH2+]CCCNCCCCNCCC[NH2+]CCOP(=O)([O-])OCCCCCCC
25A2P8,CCCCCCCCOP1(=O)OCCO1,C(CCNCCCN)CNCCCN,CCCCCCCCOP(=O)([O-])OCC[NH2+]CCCNCCCCNCCC[NH2+]CCOP(=O)([O-])OCCCCCCCC
25A2P9,CCCCCCCCCOP1(=O)OCCO1,C(CCNCCCN)CNCCCN,CCCCCCCCCOP(=O)([O-])OCC[NH2+]CCCNCCCCNCCC[NH2+]CCOP(=O)([O-])OCCCCCCCCC
25A2P10,CCCCCCCCCCOP1(=O)OCCO1,C(CCNCCCN)CNCCCN,CCCCCCCCCCOP(=O)([O-])OCC[NH2+]CCCNCCCCNCCC[NH2+]CCOP(=O)([O-])OCCCCCCCCCC
25A2P11,CCCCCCCCCCCOP1(=O)OCCO1,C(CCNCCCN)CNCCCN,CCCCCCCCCCCOP(=O)([O-])OCC[NH2+]CCCNCCCCNCCC[NH2+]CCOP(=O)([O-])OCCCCCCCCCCC
25A2P12,CCCCCCCCCCCCOP1(=O)OCCO1,C(CCNCCCN)CNCCCN,CCCCCCCCCCCCOP(=O)([O-])OCC[NH2+]CCCNCCCCNCCC[NH2+]CCOP(=O)([O-])OCCCCCCCCCCCC
25A2P13,CCCCCCCCCCCCCOP1(=O)OCCO1,C(CCNCCCN)CNCCCN,CCCCCCCCCCCCCOP(=O)([O-])OCC[NH2+]CCCNCCCCNCCC[NH2+]CCOP(=O)([O-])OCCCCCCCCCCCCC
25A2P14,CCCCCCCCCCCCCCOP1(=O)OCCO1,C(CCNCCCN)CNCCCN,CCCCCCCCCCCCCCOP(=O)([O-])OCC[NH2+]CCCNCCCCNCCC[NH2+]CCOP(=O)([O-])OCCCCCCCCCCCCCC
25A2P15,CCCCCCCCCCCCCCCOP1(=O)OCCO1,C(CCNCCCN)CNCCCN,CCCCCCCCCCCCCCCOP(=O)([O-])OCC[NH2+]CCCNCCCCNCCC[NH2+]CCOP(=O)([O-])OCCCCCCCCCCCCCCC
25A2P16,CCCCCCCCCCCCCCCCOP1(=O)OCCO1,C(CCNCCCN)CNCCCN,CCCCCCCCCCCCCCCCOP(=O)([O-])OCC[NH2+]CCCNCCCCNCCC[NH2+]CCOP(=O)([O-])OCCCCCCCCCCCCCCCC
26A2P4,CCCCOP1(=O)OCCO1,CNCCN(CCNC)CCNC,CCCCOP(=O)([O-])OCC[NH+](C)CCN(CCNC)CC[NH+](C)CCOP(=O)([O-])OCCCC
26A2P5,CCCCCOP1(=O)OCCO1,CNCCN(CCNC)CCNC,CCCCCOP(=O)([O-])OCC[NH+](C)CCN(CCNC)CC[NH+](C)CCOP(=O)([O-])OCCCCC
26A2P6,CCCCCCOP1(=O)OCCO1,CNCCN(CCNC)CCNC,CCCCCCOP(=O)([O-])OCC[NH+](C)CCN(CCNC)CC[NH+](C)CCOP(=O)([O-])OCCCCCC
26A2P7,CCCCCCCOP1(=O)OCCO1,CNCCN(CCNC)CCNC,CCCCCCCOP(=O)([O-])OCC[NH+](C)CCN(CCNC)CC[NH+](C)CCOP(=O)([O-])OCCCCCCC
26A2P8,CCCCCCCCOP1(=O)OCCO1,CNCCN(CCNC)CCNC,CCCCCCCCOP(=O)([O-])OCC[NH+](C)CCN(CCNC)CC[NH+](C)CCOP(=O)([O-])OCCCCCCCC
26A2P9,CCCCCCCCCOP1(=O)OCCO1,CNCCN(CCNC)CCNC,CCCCCCCCCOP(=O)([O-])OCC[NH+](C)CCN(CCNC)CC[NH+](C)CCOP(=O)([O-])OCCCCCCCCC
26A2P10,CCCCCCCCCCOP1(=O)OCCO1,CNCCN(CCNC)CCNC,CCCCCCCCCCOP(=O)([O-])OCC[NH+](C)CCN(CCNC)CC[NH+](C)CCOP(=O)([O-])OCCCCCCCCCC
26A2P11,CCCCCCCCCCCOP1(=O)OCCO1,CNCCN(CCNC)CCNC,CCCCCCCCCCCOP(=O)([O-])OCC[NH+](C)CCN(CCNC)CC[NH+](C)CCOP(=O)([O-])OCCCCCCCCCCC
26A2P12,CCCCCCCCCCCCOP1(=O)OCCO1,CNCCN(CCNC)CCNC,CCCCCCCCCCCCOP(=O)([O-])OCC[NH+](C)CCN(CCNC)CC[NH+](C)CCOP(=O)([O-])OCCCCCCCCCCCC
26A2P13,CCCCCCCCCCCCCOP1(=O)OCCO1,CNCCN(CCNC)CCNC,CCCCCCCCCCCCCOP(=O)([O-])OCC[NH+](C)CCN(CCNC)CC[NH+](C)CCOP(=O)([O-])OCCCCCCCCCCCCC
26A2P14,CCCCCCCCCCCCCCOP1(=O)OCCO1,CNCCN(CCNC)CCNC,CCCCCCCCCCCCCCOP(=O)([O-])OCC[NH+](C)CCN(CCNC)CC[NH+](C)CCOP(=O)([O-])OCCCCCCCCCCCCCC
26A2P15,CCCCCCCCCCCCCCCOP1(=O)OCCO1,CNCCN(CCNC)CCNC,CCCCCCCCCCCCCCCOP(=O)([O-])OCC[NH+](C)CCN(CCNC)CC[NH+](C)CCOP(=O)([O-])OCCCCCCCCCCCCCCC
26A2P16,CCCCCCCCCCCCCCCCOP1(=O)OCCO1,CNCCN(CCNC)CCNC,CCCCCCCCCCCCCCCCOP(=O)([O-])OCC[NH+](C)CCN(CCNC)CC[NH+](C)CCOP(=O)([O-])OCCCCCCCCCCCCCCCC
27A2P4,CCCCOP1(=O)OCCO1,C(CN(CCN)CCN)N,CCCCOP(=O)([O-])OCC[NH2+]CCN(CCN)CC[NH2+]CCOP(=O)([O-])OCCCC
27A2P5,CCCCCOP1(=O)OCCO1,C(CN(CCN)CCN)N,CCCCCOP(=O)([O-])OCC[NH2+]CCN(CCN)CC[NH2+]CCOP(=O)([O-])OCCCCC
27A2P6,CCCCCCOP1(=O)OCCO1,C(CN(CCN)CCN)N,CCCCCCOP(=O)([O-])OCC[NH2+]CCN(CCN)CC[NH2+]CCOP(=O)([O-])OCCCCCC
27A2P7,CCCCCCCOP1(=O)OCCO1,C(CN(CCN)CCN)N,CCCCCCCOP(=O)([O-])OCC[NH2+]CCN(CCN)CC[NH2+]CCOP(=O)([O-])OCCCCCCC
27A2P8,CCCCCCCCOP1(=O)OCCO1,C(CN(CCN)CCN)N,CCCCCCCCOP(=O)([O-])OCC[NH2+]CCN(CCN)CC[NH2+]CCOP(=O)([O-])OCCCCCCCC
27A2P9,CCCCCCCCCOP1(=O)OCCO1,C(CN(CCN)CCN)N,CCCCCCCCCOP(=O)([O-])OCC[NH2+]CCN(CCN)CC[NH2+]CCOP(=O)([O-])OCCCCCCCCC
27A2P10,CCCCCCCCCCOP1(=O)OCCO1,C(CN(CCN)CCN)N,CCCCCCCCCCOP(=O)([O-])OCC[NH2+]CCN(CCN)CC[NH2+]CCOP(=O)([O-])OCCCCCCCCCC
27A2P11,CCCCCCCCCCCOP1(=O)OCCO1,C(CN(CCN)CCN)N,CCCCCCCCCCCOP(=O)([O-])OCC[NH2+]CCN(CCN)CC[NH2+]CCOP(=O)([O-])OCCCCCCCCCCC
27A2P12,CCCCCCCCCCCCOP1(=O)OCCO1,C(CN(CCN)CCN)N,CCCCCCCCCCCCOP(=O)([O-])OCC[NH2+]CCN(CCN)CC[NH2+]CCOP(=O)([O-])OCCCCCCCCCCCC
27A2P13,CCCCCCCCCCCCCOP1(=O)OCCO1,C(CN(CCN)CCN)N,CCCCCCCCCCCCCOP(=O)([O-])OCC[NH2+]CCN(CCN)CC[NH2+]CCOP(=O)([O-])OCCCCCCCCCCCCC
27A2P14,CCCCCCCCCCCCCCOP1(=O)OCCO1,C(CN(CCN)CCN)N,CCCCCCCCCCCCCCOP(=O)([O-])OCC[NH2+]CCN(CCN)CC[NH2+]CCOP(=O)([O-])OCCCCCCCCCCCCCC
27A2P15,CCCCCCCCCCCCCCCOP1(=O)OCCO1,C(CN(CCN)CCN)N,CCCCCCCCCCCCCCCOP(=O)([O-])OCC[NH2+]CCN(CCN)CC[NH2+]CCOP(=O)([O-])OCCCCCCCCCCCCCCC
27A2P16,CCCCCCCCCCCCCCCCOP1(=O)OCCO1,C(CN(CCN)CCN)N,CCCCCCCCCCCCCCCCOP(=O)([O-])OCC[NH2+]CCN(CCN)CC[NH2+]CCOP(=O)([O-])OCCCCCCCCCCCCCCCC
28A2P4,CCCCOP1(=O)OCCO1,C(CNCCNCCNCCN)N,CCCCOP(=O)([O-])OCC[NH2+]CCNCCNCCNCC[NH2+]CCOP(=O)([O-])OCCCC
28A2P5,CCCCCOP1(=O)OCCO1,C(CNCCNCCNCCN)N,CCCCCOP(=O)([O-])OCC[NH2+]CCNCCNCCNCC[NH2+]CCOP(=O)([O-])OCCCCC
28A2P6,CCCCCCOP1(=O)OCCO1,C(CNCCNCCNCCN)N,CCCCCCOP(=O)([O-])OCC[NH2+]CCNCCNCCNCC[NH2+]CCOP(=O)([O-])OCCCCCC
28A2P7,CCCCCCCOP1(=O)OCCO1,C(CNCCNCCNCCN)N,CCCCCCCOP(=O)([O-])OCC[NH2+]CCNCCNCCNCC[NH2+]CCOP(=O)([O-])OCCCCCCC
28A2P8,CCCCCCCCOP1(=O)OCCO1,C(CNCCNCCNCCN)N,CCCCCCCCOP(=O)([O-])OCC[NH2+]CCNCCNCCNCC[NH2+]CCOP(=O)([O-])OCCCCCCCC
28A2P9,CCCCCCCCCOP1(=O)OCCO1,C(CNCCNCCNCCN)N,CCCCCCCCCOP(=O)([O-])OCC[NH2+]CCNCCNCCNCC[NH2+]CCOP(=O)([O-])OCCCCCCCCC
28A2P10,CCCCCCCCCCOP1(=O)OCCO1,C(CNCCNCCNCCN)N,CCCCCCCCCCOP(=O)([O-])OCC[NH2+]CCNCCNCCNCC[NH2+]CCOP(=O)([O-])OCCCCCCCCCC
28A2P11,CCCCCCCCCCCOP1(=O)OCCO1,C(CNCCNCCNCCN)N,CCCCCCCCCCCOP(=O)([O-])OCC[NH2+]CCNCCNCCNCC[NH2+]CCOP(=O)([O-])OCCCCCCCCCCC
28A2P12,CCCCCCCCCCCCOP1(=O)OCCO1,C(CNCCNCCNCCN)N,CCCCCCCCCCCCOP(=O)([O-])OCC[NH2+]CCNCCNCCNCC[NH2+]CCOP(=O)([O-])OCCCCCCCCCCCC
28A2P13,CCCCCCCCCCCCCOP1(=O)OCCO1,C(CNCCNCCNCCN)N,CCCCCCCCCCCCCOP(=O)([O-])OCC[NH2+]CCNCCNCCNCC[NH2+]CCOP(=O)([O-])OCCCCCCCCCCCCC
28A2P14,CCCCCCCCCCCCCCOP1(=O)OCCO1,C(CNCCNCCNCCN)N,CCCCCCCCCCCCCCOP(=O)([O-])OCC[NH2+]CCNCCNCCNCC[NH2+]CCOP(=O)([O-])OCCCCCCCCCCCCCC
28A2P15,CCCCCCCCCCCCCCCOP1(=O)OCCO1,C(CNCCNCCNCCN)N,CCCCCCCCCCCCCCCOP(=O)([O-])OCC[NH2+]CCNCCNCCNCC[NH2+]CCOP(=O)([O-])OCCCCCCCCCCCCCCC
28A2P16,CCCCCCCCCCCCCCCCOP1(=O)OCCO1,C(CNCCNCCNCCN)N,CCCCCCCCCCCCCCCCOP(=O)([O-])OCC[NH2+]CCNCCNCCNCC[NH2+]CCOP(=O)([O-])OCCCCCCCCCCCCCCCC
20A3P4,CCCCOP1(=O)OCCO1,C(CN1CCNCC1)N,CCCCOP(=O)([O-])OCC[NH2+]CC[N+]1(CCOP(=O)([O-])OCCCC)CC[NH+](CCOP(=O)([O-])OCCCC)CC1
20A3P5,CCCCCOP1(=O)OCCO1,C(CN1CCNCC1)N,CCCCCOP(=O)([O-])OCC[NH2+]CC[N+]1(CCOP(=O)([O-])OCCCCC)CC[NH+](CCOP(=O)([O-])OCCCCC)CC1
20A3P6,CCCCCCOP1(=O)OCCO1,C(CN1CCNCC1)N,CCCCCCOP(=O)([O-])OCC[NH2+]CC[N+]1(CCOP(=O)([O-])OCCCCCC)CC[NH+](CCOP(=O)([O-])OCCCCCC)CC1
20A3P7,CCCCCCCOP1(=O)OCCO1,C(CN1CCNCC1)N,CCCCCCCOP(=O)([O-])OCC[NH2+]CC[N+]1(CCOP(=O)([O-])OCCCCCCC)CC[NH+](CCOP(=O)([O-])OCCCCCCC)CC1
20A3P8,CCCCCCCCOP1(=O)OCCO1,C(CN1CCNCC1)N,CCCCCCCCOP(=O)([O-])OCC[NH2+]CC[N+]1(CCOP(=O)([O-])OCCCCCCCC)CC[NH+](CCOP(=O)([O-])OCCCCCCCC)CC1
20A3P9,CCCCCCCCCOP1(=O)OCCO1,C(CN1CCNCC1)N,CCCCCCCCCOP(=O)([O-])OCC[NH2+]CC[N+]1(CCOP(=O)([O-])OCCCCCCCCC)CC[NH+](CCOP(=O)([O-])OCCCCCCCCC)CC1
20A3P10,CCCCCCCCCCOP1(=O)OCCO1,C(CN1CCNCC1)N,CCCCCCCCCCOP(=O)([O-])OCC[NH2+]CC[N+]1(CCOP(=O)([O-])OCCCCCCCCCC)CC[NH+](CCOP(=O)([O-])OCCCCCCCCCC)CC1
20A3P11,CCCCCCCCCCCOP1(=O)OCCO1,C(CN1CCNCC1)N,CCCCCCCCCCCOP(=O)([O-])OCC[NH2+]CC[N+]1(CCOP(=O)([O-])OCCCCCCCCCCC)CC[NH+](CCOP(=O)([O-])OCCCCCCCCCCC)CC1
20A3P12,CCCCCCCCCCCCOP1(=O)OCCO1,C(CN1CCNCC1)N,CCCCCCCCCCCCOP(=O)([O-])OCC[NH2+]CC[N+]1(CCOP(=O)([O-])OCCCCCCCCCCCC)CC[NH+](CCOP(=O)([O-])OCCCCCCCCCCCC)CC1
20A3P13,CCCCCCCCCCCCCOP1(=O)OCCO1,C(CN1CCNCC1)N,CCCCCCCCCCCCCOP(=O)([O-])OCC[NH2+]CC[N+]1(CCOP(=O)([O-])OCCCCCCCCCCCCC)CC[NH+](CCOP(=O)([O-])OCCCCCCCCCCCCC)CC1
20A3P14,CCCCCCCCCCCCCCOP1(=O)OCCO1,C(CN1CCNCC1)N,CCCCCCCCCCCCCCOP(=O)([O-])OCC[NH2+]CC[N+]1(CCOP(=O)([O-])OCCCCCCCCCCCCCC)CC[NH+](CCOP(=O)([O-])OCCCCCCCCCCCCCC)CC1
20A3P15,CCCCCCCCCCCCCCCOP1(=O)OCCO1,C(CN1CCNCC1)N,CCCCCCCCCCCCCCCOP(=O)([O-])OCC[NH2+]CC[N+]1(CCOP(=O)([O-])OCCCCCCCCCCCCCCC)CC[NH+](CCOP(=O)([O-])OCCCCCCCCCCCCCCC)CC1
20A3P16,CCCCCCCCCCCCCCCCOP1(=O)OCCO1,C(CN1CCNCC1)N,CCCCCCCCCCCCCCCCOP(=O)([O-])OCC[NH2+]CC[N+]1(CCOP(=O)([O-])OCCCCCCCCCCCCCCCC)CC[NH+](CCOP(=O)([O-])OCCCCCCCCCCCCCCCC)CC1
21A3P4,CCCCOP1(=O)OCCO1,CN(C)CCCNCCCN,CCCCOP(=O)([O-])OCC[NH2+]CCC[NH+](CCC[N+](C)(C)CCOP(=O)([O-])OCCCC)CCOP(=O)([O-])OCCCC
21A3P5,CCCCCOP1(=O)OCCO1,CN(C)CCCNCCCN,CCCCCOP(=O)([O-])OCC[NH2+]CCC[NH+](CCC[N+](C)(C)CCOP(=O)([O-])OCCCCC)CCOP(=O)([O-])OCCCCC
21A3P6,CCCCCCOP1(=O)OCCO1,CN(C)CCCNCCCN,CCCCCCOP(=O)([O-])OCC[NH2+]CCC[NH+](CCC[N+](C)(C)CCOP(=O)([O-])OCCCCCC)CCOP(=O)([O-])OCCCCCC
21A3P7,CCCCCCCOP1(=O)OCCO1,CN(C)CCCNCCCN,CCCCCCCOP(=O)([O-])OCC[NH2+]CCC[NH+](CCC[N+](C)(C)CCOP(=O)([O-])OCCCCCCC)CCOP(=O)([O-])OCCCCCCC
21A3P8,CCCCCCCCOP1(=O)OCCO1,CN(C)CCCNCCCN,CCCCCCCCOP(=O)([O-])OCC[NH2+]CCC[NH+](CCC[N+](C)(C)CCOP(=O)([O-])OCCCCCCCC)CCOP(=O)([O-])OCCCCCCCC
21A3P9,CCCCCCCCCOP1(=O)OCCO1,CN(C)CCCNCCCN,CCCCCCCCCOP(=O)([O-])OCC[NH2+]CCC[NH+](CCC[N+](C)(C)CCOP(=O)([O-])OCCCCCCCCC)CCOP(=O)([O-])OCCCCCCCCC
21A3P10,CCCCCCCCCCOP1(=O)OCCO1,CN(C)CCCNCCCN,CCCCCCCCCCOP(=O)([O-])OCC[NH2+]CCC[NH+](CCC[N+](C)(C)CCOP(=O)([O-])OCCCCCCCCCC)CCOP(=O)([O-])OCCCCCCCCCC
21A3P11,CCCCCCCCCCCOP1(=O)OCCO1,CN(C)CCCNCCCN,CCCCCCCCCCCOP(=O)([O-])OCC[NH2+]CCC[NH+](CCC[N+](C)(C)CCOP(=O)([O-])OCCCCCCCCCCC)CCOP(=O)([O-])OCCCCCCCCCCC
21A3P12,CCCCCCCCCCCCOP1(=O)OCCO1,CN(C)CCCNCCCN,CCCCCCCCCCCCOP(=O)([O-])OCC[NH2+]CCC[NH+](CCC[N+](C)(C)CCOP(=O)([O-])OCCCCCCCCCCCC)CCOP(=O)([O-])OCCCCCCCCCCCC
21A3P13,CCCCCCCCCCCCCOP1(=O)OCCO1,CN(C)CCCNCCCN,CCCCCCCCCCCCCOP(=O)([O-])OCC[NH2+]CCC[NH+](CCC[N+](C)(C)CCOP(=O)([O-])OCCCCCCCCCCCCC)CCOP(=O)([O-])OCCCCCCCCCCCCC
21A3P14,CCCCCCCCCCCCCCOP1(=O)OCCO1,CN(C)CCCNCCCN,CCCCCCCCCCCCCCOP(=O)([O-])OCC[NH2+]CCC[NH+](CCC[N+](C)(C)CCOP(=O)([O-])OCCCCCCCCCCCCCC)CCOP(=O)([O-])OCCCCCCCCCCCCCC
21A3P15,CCCCCCCCCCCCCCCOP1(=O)OCCO1,CN(C)CCCNCCCN,CCCCCCCCCCCCCCCOP(=O)([O-])OCC[NH2+]CCC[NH+](CCC[N+](C)(C)CCOP(=O)([O-])OCCCCCCCCCCCCCCC)CCOP(=O)([O-])OCCCCCCCCCCCCCCC
21A3P16,CCCCCCCCCCCCCCCCOP1(=O)OCCO1,CN(C)CCCNCCCN,CCCCCCCCCCCCCCCCOP(=O)([O-])OCC[NH2+]CCC[NH+](CCC[N+](C)(C)CCOP(=O)([O-])OCCCCCCCCCCCCCCCC)CCOP(=O)([O-])OCCCCCCCCCCCCCCCC
22A3P4,CCCCOP1(=O)OCCO1,CN(CCCN)CCCN,CCCCOP(=O)([O-])OCC[NH2+]CCC[N+](C)(CCC[NH2+]CCOP(=O)([O-])OCCCC)CCOP(=O)([O-])OCCCC
22A3P5,CCCCCOP1(=O)OCCO1,CN(CCCN)CCCN,CCCCCOP(=O)([O-])OCC[NH2+]CCC[N+](C)(CCC[NH2+]CCOP(=O)([O-])OCCCCC)CCOP(=O)([O-])OCCCCC
22A3P6,CCCCCCOP1(=O)OCCO1,CN(CCCN)CCCN,CCCCCCOP(=O)([O-])OCC[NH2+]CCC[N+](C)(CCC[NH2+]CCOP(=O)([O-])OCCCCCC)CCOP(=O)([O-])OCCCCCC
22A3P7,CCCCCCCOP1(=O)OCCO1,CN(CCCN)CCCN,CCCCCCCOP(=O)([O-])OCC[NH2+]CCC[N+](C)(CCC[NH2+]CCOP(=O)([O-])OCCCCCCC)CCOP(=O)([O-])OCCCCCCC
22A3P8,CCCCCCCCOP1(=O)OCCO1,CN(CCCN)CCCN,CCCCCCCCOP(=O)([O-])OCC[NH2+]CCC[N+](C)(CCC[NH2+]CCOP(=O)([O-])OCCCCCCCC)CCOP(=O)([O-])OCCCCCCCC
22A3P9,CCCCCCCCCOP1(=O)OCCO1,CN(CCCN)CCCN,CCCCCCCCCOP(=O)([O-])OCC[NH2+]CCC[N+](C)(CCC[NH2+]CCOP(=O)([O-])OCCCCCCCCC)CCOP(=O)([O-])OCCCCCCCCC
22A3P10,CCCCCCCCCCOP1(=O)OCCO1,CN(CCCN)CCCN,CCCCCCCCCCOP(=O)([O-])OCC[NH2+]CCC[N+](C)(CCC[NH2+]CCOP(=O)([O-])OCCCCCCCCCC)CCOP(=O)([O-])OCCCCCCCCCC
22A3P11,CCCCCCCCCCCOP1(=O)OCCO1,CN(CCCN)CCCN,CCCCCCCCCCCOP(=O)([O-])OCC[NH2+]CCC[N+](C)(CCC[NH2+]CCOP(=O)([O-])OCCCCCCCCCCC)CCOP(=O)([O-])OCCCCCCCCCCC
22A3P12,CCCCCCCCCCCCOP1(=O)OCCO1,CN(CCCN)CCCN,CCCCCCCCCCCCOP(=O)([O-])OCC[NH2+]CCC[N+](C)(CCC[NH2+]CCOP(=O)([O-])OCCCCCCCCCCCC)CCOP(=O)([O-])OCCCCCCCCCCCC
22A3P13,CCCCCCCCCCCCCOP1(=O)OCCO1,CN(CCCN)CCCN,CCCCCCCCCCCCCOP(=O)([O-])OCC[NH2+]CCC[N+](C)(CCC[NH2+]CCOP(=O)([O-])OCCCCCCCCCCCCC)CCOP(=O)([O-])OCCCCCCCCCCCCC
22A3P14,CCCCCCCCCCCCCCOP1(=O)OCCO1,CN(CCCN)CCCN,CCCCCCCCCCCCCCOP(=O)([O-])OCC[NH2+]CCC[N+](C)(CCC[NH2+]CCOP(=O)([O-])OCCCCCCCCCCCCCC)CCOP(=O)([O-])OCCCCCCCCCCCCCC
22A3P15,CCCCCCCCCCCCCCCOP1(=O)OCCO1,CN(CCCN)CCCN,CCCCCCCCCCCCCCCOP(=O)([O-])OCC[NH2+]CCC[N+](C)(CCC[NH2+]CCOP(=O)([O-])OCCCCCCCCCCCCCCC)CCOP(=O)([O-])OCCCCCCCCCCCCCCC
22A3P16,CCCCCCCCCCCCCCCCOP1(=O)OCCO1,CN(CCCN)CCCN,CCCCCCCCCCCCCCCCOP(=O)([O-])OCC[NH2+]CCC[N+](C)(CCC[NH2+]CCOP(=O)([O-])OCCCCCCCCCCCCCCCC)CCOP(=O)([O-])OCCCCCCCCCCCCCCCC
23A3P4,CCCCOP1(=O)OCCO1,C(CN)CN1CCN(CCCN)CC1,CCCCOP(=O)([O-])OCC[NH2+]CCCN1CC[N+](CCC[NH2+]CCOP(=O)([O-])OCCCC)(CCOP(=O)([O-])OCCCC)CC1
23A3P5,CCCCCOP1(=O)OCCO1,C(CN)CN1CCN(CCCN)CC1,CCCCCOP(=O)([O-])OCC[NH2+]CCCN1CC[N+](CCC[NH2+]CCOP(=O)([O-])OCCCCC)(CCOP(=O)([O-])OCCCCC)CC1
23A3P6,CCCCCCOP1(=O)OCCO1,C(CN)CN1CCN(CCCN)CC1,CCCCCCOP(=O)([O-])OCC[NH2+]CCCN1CC[N+](CCC[NH2+]CCOP(=O)([O-])OCCCCCC)(CCOP(=O)([O-])OCCCCCC)CC1
23A3P7,CCCCCCCOP1(=O)OCCO1,C(CN)CN1CCN(CCCN)CC1,CCCCCCCOP(=O)([O-])OCC[NH2+]CCCN1CC[N+](CCC[NH2+]CCOP(=O)([O-])OCCCCCCC)(CCOP(=O)([O-])OCCCCCCC)CC1
23A3P8,CCCCCCCCOP1(=O)OCCO1,C(CN)CN1CCN(CCCN)CC1,CCCCCCCCOP(=O)([O-])OCC[NH2+]CCCN1CC[N+](CCC[NH2+]CCOP(=O)([O-])OCCCCCCCC)(CCOP(=O)([O-])OCCCCCCCC)CC1
23A3P9,CCCCCCCCCOP1(=O)OCCO1,C(CN)CN1CCN(CCCN)CC1,CCCCCCCCCOP(=O)([O-])OCC[NH2+]CCCN1CC[N+](CCC[NH2+]CCOP(=O)([O-])OCCCCCCCCC)(CCOP(=O)([O-])OCCCCCCCCC)CC1
23A3P10,CCCCCCCCCCOP1(=O)OCCO1,C(CN)CN1CCN(CCCN)CC1,CCCCCCCCCCOP(=O)([O-])OCC[NH2+]CCCN1CC[N+](CCC[NH2+]CCOP(=O)([O-])OCCCCCCCCCC)(CCOP(=O)([O-])OCCCCCCCCCC)CC1
23A3P11,CCCCCCCCCCCOP1(=O)OCCO1,C(CN)CN1CCN(CCCN)CC1,CCCCCCCCCCCOP(=O)([O-])OCC[NH2+]CCCN1CC[N+](CCC[NH2+]CCOP(=O)([O-])OCCCCCCCCCCC)(CCOP(=O)([O-])OCCCCCCCCCCC)CC1
23A3P12,CCCCCCCCCCCCOP1(=O)OCCO1,C(CN)CN1CCN(CCCN)CC1,CCCCCCCCCCCCOP(=O)([O-])OCC[NH2+]CCCN1CC[N+](CCC[NH2+]CCOP(=O)([O-])OCCCCCCCCCCCC)(CCOP(=O)([O-])OCCCCCCCCCCCC)CC1
23A3P13,CCCCCCCCCCCCCOP1(=O)OCCO1,C(CN)CN1CCN(CCCN)CC1,CCCCCCCCCCCCCOP(=O)([O-])OCC[NH2+]CCCN1CC[N+](CCC[NH2+]CCOP(=O)([O-])OCCCCCCCCCCCCC)(CCOP(=O)([O-])OCCCCCCCCCCCCC)CC1
23A3P14,CCCCCCCCCCCCCCOP1(=O)OCCO1,C(CN)CN1CCN(CCCN)CC1,CCCCCCCCCCCCCCOP(=O)([O-])OCC[NH2+]CCCN1CC[N+](CCC[NH2+]CCOP(=O)([O-])OCCCCCCCCCCCCCC)(CCOP(=O)([O-])OCCCCCCCCCCCCCC)CC1
23A3P15,CCCCCCCCCCCCCCCOP1(=O)OCCO1,C(CN)CN1CCN(CCCN)CC1,CCCCCCCCCCCCCCCOP(=O)([O-])OCC[NH2+]CCCN1CC[N+](CCC[NH2+]CCOP(=O)([O-])OCCCCCCCCCCCCCCC)(CCOP(=O)([O-])OCCCCCCCCCCCCCCC)CC1
23A3P16,CCCCCCCCCCCCCCCCOP1(=O)OCCO1,C(CN)CN1CCN(CCCN)CC1,CCCCCCCCCCCCCCCCOP(=O)([O-])OCC[NH2+]CCCN1CC[N+](CCC[NH2+]CCOP(=O)([O-])OCCCCCCCCCCCCCCCC)(CCOP(=O)([O-])OCCCCCCCCCCCCCCCC)CC1
24A3P4,CCCCOP1(=O)OCCO1,C(CNCCNCCN)N,CCCCOP(=O)([O-])OCC[NH2+]CCNCC[NH+](CC[NH2+]CCOP(=O)([O-])OCCCC)CCOP(=O)([O-])OCCCC
24A3P5,CCCCCOP1(=O)OCCO1,C(CNCCNCCN)N,CCCCCOP(=O)([O-])OCC[NH2+]CCNCC[NH+](CC[NH2+]CCOP(=O)([O-])OCCCCC)CCOP(=O)([O-])OCCCCC
24A3P6,CCCCCCOP1(=O)OCCO1,C(CNCCNCCN)N,CCCCCCOP(=O)([O-])OCC[NH2+]CCNCC[NH+](CC[NH2+]CCOP(=O)([O-])OCCCCCC)CCOP(=O)([O-])OCCCCCC
24A3P7,CCCCCCCOP1(=O)OCCO1,C(CNCCNCCN)N,CCCCCCCOP(=O)([O-])OCC[NH2+]CCNCC[NH+](CC[NH2+]CCOP(=O)([O-])OCCCCCCC)CCOP(=O)([O-])OCCCCCCC
24A3P8,CCCCCCCCOP1(=O)OCCO1,C(CNCCNCCN)N,CCCCCCCCOP(=O)([O-])OCC[NH2+]CCNCC[NH+](CC[NH2+]CCOP(=O)([O-])OCCCCCCCC)CCOP(=O)([O-])OCCCCCCCC
24A3P9,CCCCCCCCCOP1(=O)OCCO1,C(CNCCNCCN)N,CCCCCCCCCOP(=O)([O-])OCC[NH2+]CCNCC[NH+](CC[NH2+]CCOP(=O)([O-])OCCCCCCCCC)CCOP(=O)([O-])OCCCCCCCCC
24A3P10,CCCCCCCCCCOP1(=O)OCCO1,C(CNCCNCCN)N,CCCCCCCCCCOP(=O)([O-])OCC[NH2+]CCNCC[NH+](CC[NH2+]CCOP(=O)([O-])OCCCCCCCCCC)CCOP(=O)([O-])OCCCCCCCCCC
24A3P11,CCCCCCCCCCCOP1(=O)OCCO1,C(CNCCNCCN)N,CCCCCCCCCCCOP(=O)([O-])OCC[NH2+]CCNCC[NH+](CC[NH2+]CCOP(=O)([O-])OCCCCCCCCCCC)CCOP(=O)([O-])OCCCCCCCCCCC
24A3P12,CCCCCCCCCCCCOP1(=O)OCCO1,C(CNCCNCCN)N,CCCCCCCCCCCCOP(=O)([O-])OCC[NH2+]CCNCC[NH+](CC[NH2+]CCOP(=O)([O-])OCCCCCCCCCCCC)CCOP(=O)([O-])OCCCCCCCCCCCC
24A3P13,CCCCCCCCCCCCCOP1(=O)OCCO1,C(CNCCNCCN)N,CCCCCCCCCCCCCOP(=O)([O-])OCC[NH2+]CCNCC[NH+](CC[NH2+]CCOP(=O)([O-])OCCCCCCCCCCCCC)CCOP(=O)([O-])OCCCCCCCCCCCCC
24A3P14,CCCCCCCCCCCCCCOP1(=O)OCCO1,C(CNCCNCCN)N,CCCCCCCCCCCCCCOP(=O)([O-])OCC[NH2+]CCNCC[NH+](CC[NH2+]CCOP(=O)([O-])OCCCCCCCCCCCCCC)CCOP(=O)([O-])OCCCCCCCCCCCCCC
24A3P15,CCCCCCCCCCCCCCCOP1(=O)OCCO1,C(CNCCNCCN)N,CCCCCCCCCCCCCCCOP(=O)([O-])OCC[NH2+]CCNCC[NH+](CC[NH2+]CCOP(=O)([O-])OCCCCCCCCCCCCCCC)CCOP(=O)([O-])OCCCCCCCCCCCCCCC
24A3P16,CCCCCCCCCCCCCCCCOP1(=O)OCCO1,C(CNCCNCCN)N,CCCCCCCCCCCCCCCCOP(=O)([O-])OCC[NH2+]CCNCC[NH+](CC[NH2+]CCOP(=O)([O-])OCCCCCCCCCCCCCCCC)CCOP(=O)([O-])OCCCCCCCCCCCCCCCC
25A3P4,CCCCOP1(=O)OCCO1,C(CCNCCCN)CNCCCN,CCCCOP(=O)([O-])OCC[NH2+]CCCNCCCC[NH+](CCC[NH2+]CCOP(=O)([O-])OCCCC)CCOP(=O)([O-])OCCCC
25A3P5,CCCCCOP1(=O)OCCO1,C(CCNCCCN)CNCCCN,CCCCCOP(=O)([O-])OCC[NH2+]CCCNCCCC[NH+](CCC[NH2+]CCOP(=O)([O-])OCCCCC)CCOP(=O)([O-])OCCCCC
25A3P6,CCCCCCOP1(=O)OCCO1,C(CCNCCCN)CNCCCN,CCCCCCOP(=O)([O-])OCC[NH2+]CCCNCCCC[NH+](CCC[NH2+]CCOP(=O)([O-])OCCCCCC)CCOP(=O)([O-])OCCCCCC
25A3P7,CCCCCCCOP1(=O)OCCO1,C(CCNCCCN)CNCCCN,CCCCCCCOP(=O)([O-])OCC[NH2+]CCCNCCCC[NH+](CCC[NH2+]CCOP(=O)([O-])OCCCCCCC)CCOP(=O)([O-])OCCCCCCC
25A3P8,CCCCCCCCOP1(=O)OCCO1,C(CCNCCCN)CNCCCN,CCCCCCCCOP(=O)([O-])OCC[NH2+]CCCNCCCC[NH+](CCC[NH2+]CCOP(=O)([O-])OCCCCCCCC)CCOP(=O)([O-])OCCCCCCCC
25A3P9,CCCCCCCCCOP1(=O)OCCO1,C(CCNCCCN)CNCCCN,CCCCCCCCCOP(=O)([O-])OCC[NH2+]CCCNCCCC[NH+](CCC[NH2+]CCOP(=O)([O-])OCCCCCCCCC)CCOP(=O)([O-])OCCCCCCCCC
25A3P10,CCCCCCCCCCOP1(=O)OCCO1,C(CCNCCCN)CNCCCN,CCCCCCCCCCOP(=O)([O-])OCC[NH2+]CCCNCCCC[NH+](CCC[NH2+]CCOP(=O)([O-])OCCCCCCCCCC)CCOP(=O)([O-])OCCCCCCCCCC
25A3P11,CCCCCCCCCCCOP1(=O)OCCO1,C(CCNCCCN)CNCCCN,CCCCCCCCCCCOP(=O)([O-])OCC[NH2+]CCCNCCCC[NH+](CCC[NH2+]CCOP(=O)([O-])OCCCCCCCCCCC)CCOP(=O)([O-])OCCCCCCCCCCC
25A3P12,CCCCCCCCCCCCOP1(=O)OCCO1,C(CCNCCCN)CNCCCN,CCCCCCCCCCCCOP(=O)([O-])OCC[NH2+]CCCNCCCC[NH+](CCC[NH2+]CCOP(=O)([O-])OCCCCCCCCCCCC)CCOP(=O)([O-])OCCCCCCCCCCCC
25A3P13,CCCCCCCCCCCCCOP1(=O)OCCO1,C(CCNCCCN)CNCCCN,CCCCCCCCCCCCCOP(=O)([O-])OCC[NH2+]CCCNCCCC[NH+](CCC[NH2+]CCOP(=O)([O-])OCCCCCCCCCCCCC)CCOP(=O)([O-])OCCCCCCCCCCCCC
25A3P14,CCCCCCCCCCCCCCOP1(=O)OCCO1,C(CCNCCCN)CNCCCN,CCCCCCCCCCCCCCOP(=O)([O-])OCC[NH2+]CCCNCCCC[NH+](CCC[NH2+]CCOP(=O)([O-])OCCCCCCCCCCCCCC)CCOP(=O)([O-])OCCCCCCCCCCCCCC
25A3P15,CCCCCCCCCCCCCCCOP1(=O)OCCO1,C(CCNCCCN)CNCCCN,CCCCCCCCCCCCCCCOP(=O)([O-])OCC[NH2+]CCCNCCCC[NH+](CCC[NH2+]CCOP(=O)([O-])OCCCCCCCCCCCCCCC)CCOP(=O)([O-])OCCCCCCCCCCCCCCC
25A3P16,CCCCCCCCCCCCCCCCOP1(=O)OCCO1,C(CCNCCCN)CNCCCN,CCCCCCCCCCCCCCCCOP(=O)([O-])OCC[NH2+]CCCNCCCC[NH+](CCC[NH2+]CCOP(=O)([O-])OCCCCCCCCCCCCCCCC)CCOP(=O)([O-])OCCCCCCCCCCCCCCCC
26A3P4,CCCCOP1(=O)OCCO1,CNCCN(CCNC)CCNC,CCCCOP(=O)([O-])OCC[NH+](C)CCN(CC[NH+](C)CCOP(=O)([O-])OCCCC)CC[NH+](C)CCOP(=O)([O-])OCCCC
26A3P5,CCCCCOP1(=O)OCCO1,CNCCN(CCNC)CCNC,CCCCCOP(=O)([O-])OCC[NH+](C)CCN(CC[NH+](C)CCOP(=O)([O-])OCCCCC)CC[NH+](C)CCOP(=O)([O-])OCCCCC
26A3P6,CCCCCCOP1(=O)OCCO1,CNCCN(CCNC)CCNC,CCCCCCOP(=O)([O-])OCC[NH+](C)CCN(CC[NH+](C)CCOP(=O)([O-])OCCCCCC)CC[NH+](C)CCOP(=O)([O-])OCCCCCC
26A3P7,CCCCCCCOP1(=O)OCCO1,CNCCN(CCNC)CCNC,CCCCCCCOP(=O)([O-])OCC[NH+](C)CCN(CC[NH+](C)CCOP(=O)([O-])OCCCCCCC)CC[NH+](C)CCOP(=O)([O-])OCCCCCCC
26A3P8,CCCCCCCCOP1(=O)OCCO1,CNCCN(CCNC)CCNC,CCCCCCCCOP(=O)([O-])OCC[NH+](C)CCN(CC[NH+](C)CCOP(=O)([O-])OCCCCCCCC)CC[NH+](C)CCOP(=O)([O-])OCCCCCCCC
26A3P9,CCCCCCCCCOP1(=O)OCCO1,CNCCN(CCNC)CCNC,CCCCCCCCCOP(=O)([O-])OCC[NH+](C)CCN(CC[NH+](C)CCOP(=O)([O-])OCCCCCCCCC)CC[NH+](C)CCOP(=O)([O-])OCCCCCCCCC
26A3P10,CCCCCCCCCCOP1(=O)OCCO1,CNCCN(CCNC)CCNC,CCCCCCCCCCOP(=O)([O-])OCC[NH+](C)CCN(CC[NH+](C)CCOP(=O)([O-])OCCCCCCCCCC)CC[NH+](C)CCOP(=O)([O-])OCCCCCCCCCC
26A3P11,CCCCCCCCCCCOP1(=O)OCCO1,CNCCN(CCNC)CCNC,CCCCCCCCCCCOP(=O)([O-])OCC[NH+](C)CCN(CC[NH+](C)CCOP(=O)([O-])OCCCCCCCCCCC)CC[NH+](C)CCOP(=O)([O-])OCCCCCCCCCCC
26A3P12,CCCCCCCCCCCCOP1(=O)OCCO1,CNCCN(CCNC)CCNC,CCCCCCCCCCCCOP(=O)([O-])OCC[NH+](C)CCN(CC[NH+](C)CCOP(=O)([O-])OCCCCCCCCCCCC)CC[NH+](C)CCOP(=O)([O-])OCCCCCCCCCCCC
26A3P13,CCCCCCCCCCCCCOP1(=O)OCCO1,CNCCN(CCNC)CCNC,CCCCCCCCCCCCCOP(=O)([O-])OCC[NH+](C)CCN(CC[NH+](C)CCOP(=O)([O-])OCCCCCCCCCCCCC)CC[NH+](C)CCOP(=O)([O-])OCCCCCCCCCCCCC
26A3P14,CCCCCCCCCCCCCCOP1(=O)OCCO1,CNCCN(CCNC)CCNC,CCCCCCCCCCCCCCOP(=O)([O-])OCC[NH+](C)CCN(CC[NH+](C)CCOP(=O)([O-])OCCCCCCCCCCCCCC)CC[NH+](C)CCOP(=O)([O-])OCCCCCCCCCCCCCC
26A3P15,CCCCCCCCCCCCCCCOP1(=O)OCCO1,CNCCN(CCNC)CCNC,CCCCCCCCCCCCCCCOP(=O)([O-])OCC[NH+](C)CCN(CC[NH+](C)CCOP(=O)([O-])OCCCCCCCCCCCCCCC)CC[NH+](C)CCOP(=O)([O-])OCCCCCCCCCCCCCCC
26A3P16,CCCCCCCCCCCCCCCCOP1(=O)OCCO1,CNCCN(CCNC)CCNC,CCCCCCCCCCCCCCCCOP(=O)([O-])OCC[NH+](C)CCN(CC[NH+](C)CCOP(=O)([O-])OCCCCCCCCCCCCCCCC)CC[NH+](C)CCOP(=O)([O-])OCCCCCCCCCCCCCCCC
27A3P4,CCCCOP1(=O)OCCO1,C(CN(CCN)CCN)N,CCCCOP(=O)([O-])OCC[NH2+]CCN(CC[NH2+]CCOP(=O)([O-])OCCCC)CC[NH2+]CCOP(=O)([O-])OCCCC
27A3P5,CCCCCOP1(=O)OCCO1,C(CN(CCN)CCN)N,CCCCCOP(=O)([O-])OCC[NH2+]CCN(CC[NH2+]CCOP(=O)([O-])OCCCCC)CC[NH2+]CCOP(=O)([O-])OCCCCC
27A3P6,CCCCCCOP1(=O)OCCO1,C(CN(CCN)CCN)N,CCCCCCOP(=O)([O-])OCC[NH2+]CCN(CC[NH2+]CCOP(=O)([O-])OCCCCCC)CC[NH2+]CCOP(=O)([O-])OCCCCCC
27A3P7,CCCCCCCOP1(=O)OCCO1,C(CN(CCN)CCN)N,CCCCCCCOP(=O)([O-])OCC[NH2+]CCN(CC[NH2+]CCOP(=O)([O-])OCCCCCCC)CC[NH2+]CCOP(=O)([O-])OCCCCCCC
27A3P8,CCCCCCCCOP1(=O)OCCO1,C(CN(CCN)CCN)N,CCCCCCCCOP(=O)([O-])OCC[NH2+]CCN(CC[NH2+]CCOP(=O)([O-])OCCCCCCCC)CC[NH2+]CCOP(=O)([O-])OCCCCCCCC
27A3P9,CCCCCCCCCOP1(=O)OCCO1,C(CN(CCN)CCN)N,CCCCCCCCCOP(=O)([O-])OCC[NH2+]CCN(CC[NH2+]CCOP(=O)([O-])OCCCCCCCCC)CC[NH2+]CCOP(=O)([O-])OCCCCCCCCC
27A3P10,CCCCCCCCCCOP1(=O)OCCO1,C(CN(CCN)CCN)N,CCCCCCCCCCOP(=O)([O-])OCC[NH2+]CCN(CC[NH2+]CCOP(=O)([O-])OCCCCCCCCCC)CC[NH2+]CCOP(=O)([O-])OCCCCCCCCCC
27A3P11,CCCCCCCCCCCOP1(=O)OCCO1,C(CN(CCN)CCN)N,CCCCCCCCCCCOP(=O)([O-])OCC[NH2+]CCN(CC[NH2+]CCOP(=O)([O-])OCCCCCCCCCCC)CC[NH2+]CCOP(=O)([O-])OCCCCCCCCCCC
27A3P12,CCCCCCCCCCCCOP1(=O)OCCO1,C(CN(CCN)CCN)N,CCCCCCCCCCCCOP(=O)([O-])OCC[NH2+]CCN(CC[NH2+]CCOP(=O)([O-])OCCCCCCCCCCCC)CC[NH2+]CCOP(=O)([O-])OCCCCCCCCCCCC
27A3P13,CCCCCCCCCCCCCOP1(=O)OCCO1,C(CN(CCN)CCN)N,CCCCCCCCCCCCCOP(=O)([O-])OCC[NH2+]CCN(CC[NH2+]CCOP(=O)([O-])OCCCCCCCCCCCCC)CC[NH2+]CCOP(=O)([O-])OCCCCCCCCCCCCC
27A3P14,CCCCCCCCCCCCCCOP1(=O)OCCO1,C(CN(CCN)CCN)N,CCCCCCCCCCCCCCOP(=O)([O-])OCC[NH2+]CCN(CC[NH2+]CCOP(=O)([O-])OCCCCCCCCCCCCCC)CC[NH2+]CCOP(=O)([O-])OCCCCCCCCCCCCCC
27A3P15,CCCCCCCCCCCCCCCOP1(=O)OCCO1,C(CN(CCN)CCN)N,CCCCCCCCCCCCCCCOP(=O)([O-])OCC[NH2+]CCN(CC[NH2+]CCOP(=O)([O-])OCCCCCCCCCCCCCCC)CC[NH2+]CCOP(=O)([O-])OCCCCCCCCCCCCCCC
27A3P16,CCCCCCCCCCCCCCCCOP1(=O)OCCO1,C(CN(CCN)CCN)N,CCCCCCCCCCCCCCCCOP(=O)([O-])OCC[NH2+]CCN(CC[NH2+]CCOP(=O)([O-])OCCCCCCCCCCCCCCCC)CC[NH2+]CCOP(=O)([O-])OCCCCCCCCCCCCCCCC
28A3P4,CCCCOP1(=O)OCCO1,C(CNCCNCCNCCN)N,CCCCOP(=O)([O-])OCC[NH2+]CCNCCNCC[NH+](CC[NH2+]CCOP(=O)([O-])OCCCC)CCOP(=O)([O-])OCCCC
28A3P5,CCCCCOP1(=O)OCCO1,C(CNCCNCCNCCN)N,CCCCCOP(=O)([O-])OCC[NH2+]CCNCCNCC[NH+](CC[NH2+]CCOP(=O)([O-])OCCCCC)CCOP(=O)([O-])OCCCCC
28A3P6,CCCCCCOP1(=O)OCCO1,C(CNCCNCCNCCN)N,CCCCCCOP(=O)([O-])OCC[NH2+]CCNCCNCC[NH+](CC[NH2+]CCOP(=O)([O-])OCCCCCC)CCOP(=O)([O-])OCCCCCC
28A3P7,CCCCCCCOP1(=O)OCCO1,C(CNCCNCCNCCN)N,CCCCCCCOP(=O)([O-])OCC[NH2+]CCNCCNCC[NH+](CC[NH2+]CCOP(=O)([O-])OCCCCCCC)CCOP(=O)([O-])OCCCCCCC
28A3P8,CCCCCCCCOP1(=O)OCCO1,C(CNCCNCCNCCN)N,CCCCCCCCOP(=O)([O-])OCC[NH2+]CCNCCNCC[NH+](CC[NH2+]CCOP(=O)([O-])OCCCCCCCC)CCOP(=O)([O-])OCCCCCCCC
28A3P9,CCCCCCCCCOP1(=O)OCCO1,C(CNCCNCCNCCN)N,CCCCCCCCCOP(=O)([O-])OCC[NH2+]CCNCCNCC[NH+](CC[NH2+]CCOP(=O)([O-])OCCCCCCCCC)CCOP(=O)([O-])OCCCCCCCCC
28A3P10,CCCCCCCCCCOP1(=O)OCCO1,C(CNCCNCCNCCN)N,CCCCCCCCCCOP(=O)([O-])OCC[NH2+]CCNCCNCC[NH+](CC[NH2+]CCOP(=O)([O-])OCCCCCCCCCC)CCOP(=O)([O-])OCCCCCCCCCC
28A3P11,CCCCCCCCCCCOP1(=O)OCCO1,C(CNCCNCCNCCN)N,CCCCCCCCCCCOP(=O)([O-])OCC[NH2+]CCNCCNCC[NH+](CC[NH2+]CCOP(=O)([O-])OCCCCCCCCCCC)CCOP(=O)([O-])OCCCCCCCCCCC
28A3P12,CCCCCCCCCCCCOP1(=O)OCCO1,C(CNCCNCCNCCN)N,CCCCCCCCCCCCOP(=O)([O-])OCC[NH2+]CCNCCNCC[NH+](CC[NH2+]CCOP(=O)([O-])OCCCCCCCCCCCC)CCOP(=O)([O-])OCCCCCCCCCCCC
28A3P13,CCCCCCCCCCCCCOP1(=O)OCCO1,C(CNCCNCCNCCN)N,CCCCCCCCCCCCCOP(=O)([O-])OCC[NH2+]CCNCCNCC[NH+](CC[NH2+]CCOP(=O)([O-])OCCCCCCCCCCCCC)CCOP(=O)([O-])OCCCCCCCCCCCCC
28A3P14,CCCCCCCCCCCCCCOP1(=O)OCCO1,C(CNCCNCCNCCN)N,CCCCCCCCCCCCCCOP(=O)([O-])OCC[NH2+]CCNCCNCC[NH+](CC[NH2+]CCOP(=O)([O-])OCCCCCCCCCCCCCC)CCOP(=O)([O-])OCCCCCCCCCCCCCC
28A3P15,CCCCCCCCCCCCCCCOP1(=O)OCCO1,C(CNCCNCCNCCN)N,CCCCCCCCCCCCCCCOP(=O)([O-])OCC[NH2+]CCNCCNCC[NH+](CC[NH2+]CCOP(=O)([O-])OCCCCCCCCCCCCCCC)CCOP(=O)([O-])OCCCCCCCCCCCCCCC
28A3P16,CCCCCCCCCCCCCCCCOP1(=O)OCCO1,C(CNCCNCCNCCN)N,CCCCCCCCCCCCCCCCOP(=O)([O-])OCC[NH2+]CCNCCNCC[NH+](CC[NH2+]CCOP(=O)([O-])OCCCCCCCCCCCCCCCC)CCOP(=O)([O-])OCCCCCCCCCCCCCCCC
23A4P4,CCCCOP1(=O)OCCO1,C(CN)CN1CCN(CCCN)CC1,CCCCOP(=O)([O-])OCC[NH2+]CCC[N+]1(CCOP(=O)([O-])OCCCC)CC[N+](CCC[NH2+]CCOP(=O)([O-])OCCCC)(CCOP(=O)([O-])OCCCC)CC1
23A4P5,CCCCCOP1(=O)OCCO1,C(CN)CN1CCN(CCCN)CC1,CCCCCOP(=O)([O-])OCC[NH2+]CCC[N+]1(CCOP(=O)([O-])OCCCCC)CC[N+](CCC[NH2+]CCOP(=O)([O-])OCCCCC)(CCOP(=O)([O-])OCCCCC)CC1
23A4P6,CCCCCCOP1(=O)OCCO1,C(CN)CN1CCN(CCCN)CC1,CCCCCCOP(=O)([O-])OCC[NH2+]CCC[N+]1(CCOP(=O)([O-])OCCCCCC)CC[N+](CCC[NH2+]CCOP(=O)([O-])OCCCCCC)(CCOP(=O)([O-])OCCCCCC)CC1
23A4P7,CCCCCCCOP1(=O)OCCO1,C(CN)CN1CCN(CCCN)CC1,CCCCCCCOP(=O)([O-])OCC[NH2+]CCC[N+]1(CCOP(=O)([O-])OCCCCCCC)CC[N+](CCC[NH2+]CCOP(=O)([O-])OCCCCCCC)(CCOP(=O)([O-])OCCCCCCC)CC1
23A4P8,CCCCCCCCOP1(=O)OCCO1,C(CN)CN1CCN(CCCN)CC1,CCCCCCCCOP(=O)([O-])OCC[NH2+]CCC[N+]1(CCOP(=O)([O-])OCCCCCCCC)CC[N+](CCC[NH2+]CCOP(=O)([O-])OCCCCCCCC)(CCOP(=O)([O-])OCCCCCCCC)CC1
23A4P9,CCCCCCCCCOP1(=O)OCCO1,C(CN)CN1CCN(CCCN)CC1,CCCCCCCCCOP(=O)([O-])OCC[NH2+]CCC[N+]1(CCOP(=O)([O-])OCCCCCCCCC)CC[N+](CCC[NH2+]CCOP(=O)([O-])OCCCCCCCCC)(CCOP(=O)([O-])OCCCCCCCCC)CC1
23A4P10,CCCCCCCCCCOP1(=O)OCCO1,C(CN)CN1CCN(CCCN)CC1,CCCCCCCCCCOP(=O)([O-])OCC[NH2+]CCC[N+]1(CCOP(=O)([O-])OCCCCCCCCCC)CC[N+](CCC[NH2+]CCOP(=O)([O-])OCCCCCCCCCC)(CCOP(=O)([O-])OCCCCCCCCCC)CC1
23A4P11,CCCCCCCCCCCOP1(=O)OCCO1,C(CN)CN1CCN(CCCN)CC1,CCCCCCCCCCCOP(=O)([O-])OCC[NH2+]CCC[N+]1(CCOP(=O)([O-])OCCCCCCCCCCC)CC[N+](CCC[NH2+]CCOP(=O)([O-])OCCCCCCCCCCC)(CCOP(=O)([O-])OCCCCCCCCCCC)CC1
23A4P12,CCCCCCCCCCCCOP1(=O)OCCO1,C(CN)CN1CCN(CCCN)CC1,CCCCCCCCCCCCOP(=O)([O-])OCC[NH2+]CCC[N+]1(CCOP(=O)([O-])OCCCCCCCCCCCC)CC[N+](CCC[NH2+]CCOP(=O)([O-])OCCCCCCCCCCCC)(CCOP(=O)([O-])OCCCCCCCCCCCC)CC1
23A4P13,CCCCCCCCCCCCCOP1(=O)OCCO1,C(CN)CN1CCN(CCCN)CC1,CCCCCCCCCCCCCOP(=O)([O-])OCC[NH2+]CCC[N+]1(CCOP(=O)([O-])OCCCCCCCCCCCCC)CC[N+](CCC[NH2+]CCOP(=O)([O-])OCCCCCCCCCCCCC)(CCOP(=O)([O-])OCCCCCCCCCCCCC)CC1
23A4P14,CCCCCCCCCCCCCCOP1(=O)OCCO1,C(CN)CN1CCN(CCCN)CC1,CCCCCCCCCCCCCCOP(=O)([O-])OCC[NH2+]CCC[N+]1(CCOP(=O)([O-])OCCCCCCCCCCCCCC)CC[N+](CCC[NH2+]CCOP(=O)([O-])OCCCCCCCCCCCCCC)(CCOP(=O)([O-])OCCCCCCCCCCCCCC)CC1
23A4P15,CCCCCCCCCCCCCCCOP1(=O)OCCO1,C(CN)CN1CCN(CCCN)CC1,CCCCCCCCCCCCCCCOP(=O)([O-])OCC[NH2+]CCC[N+]1(CCOP(=O)([O-])OCCCCCCCCCCCCCCC)CC[N+](CCC[NH2+]CCOP(=O)([O-])OCCCCCCCCCCCCCCC)(CCOP(=O)([O-])OCCCCCCCCCCCCCCC)CC1
23A4P16,CCCCCCCCCCCCCCCCOP1(=O)OCCO1,C(CN)CN1CCN(CCCN)CC1,CCCCCCCCCCCCCCCCOP(=O)([O-])OCC[NH2+]CCC[N+]1(CCOP(=O)([O-])OCCCCCCCCCCCCCCCC)CC[N+](CCC[NH2+]CCOP(=O)([O-])OCCCCCCCCCCCCCCCC)(CCOP(=O)([O-])OCCCCCCCCCCCCCCCC)CC1
24A4P4,CCCCOP1(=O)OCCO1,C(CNCCNCCN)N,CCCCOP(=O)([O-])OCC[NH2+]CC[NH+](CCOP(=O)([O-])OCCCC)CC[NH+](CC[NH2+]CCOP(=O)([O-])OCCCC)CCOP(=O)([O-])OCCCC
24A4P5,CCCCCOP1(=O)OCCO1,C(CNCCNCCN)N,CCCCCOP(=O)([O-])OCC[NH2+]CC[NH+](CCOP(=O)([O-])OCCCCC)CC[NH+](CC[NH2+]CCOP(=O)([O-])OCCCCC)CCOP(=O)([O-])OCCCCC
24A4P6,CCCCCCOP1(=O)OCCO1,C(CNCCNCCN)N,CCCCCCOP(=O)([O-])OCC[NH2+]CC[NH+](CCOP(=O)([O-])OCCCCCC)CC[NH+](CC[NH2+]CCOP(=O)([O-])OCCCCCC)CCOP(=O)([O-])OCCCCCC
24A4P7,CCCCCCCOP1(=O)OCCO1,C(CNCCNCCN)N,CCCCCCCOP(=O)([O-])OCC[NH2+]CC[NH+](CCOP(=O)([O-])OCCCCCCC)CC[NH+](CC[NH2+]CCOP(=O)([O-])OCCCCCCC)CCOP(=O)([O-])OCCCCCCC
24A4P8,CCCCCCCCOP1(=O)OCCO1,C(CNCCNCCN)N,CCCCCCCCOP(=O)([O-])OCC[NH2+]CC[NH+](CCOP(=O)([O-])OCCCCCCCC)CC[NH+](CC[NH2+]CCOP(=O)([O-])OCCCCCCCC)CCOP(=O)([O-])OCCCCCCCC
24A4P9,CCCCCCCCCOP1(=O)OCCO1,C(CNCCNCCN)N,CCCCCCCCCOP(=O)([O-])OCC[NH2+]CC[NH+](CCOP(=O)([O-])OCCCCCCCCC)CC[NH+](CC[NH2+]CCOP(=O)([O-])OCCCCCCCCC)CCOP(=O)([O-])OCCCCCCCCC
24A4P10,CCCCCCCCCCOP1(=O)OCCO1,C(CNCCNCCN)N,CCCCCCCCCCOP(=O)([O-])OCC[NH2+]CC[NH+](CCOP(=O)([O-])OCCCCCCCCCC)CC[NH+](CC[NH2+]CCOP(=O)([O-])OCCCCCCCCCC)CCOP(=O)([O-])OCCCCCCCCCC
24A4P11,CCCCCCCCCCCOP1(=O)OCCO1,C(CNCCNCCN)N,CCCCCCCCCCCOP(=O)([O-])OCC[NH2+]CC[NH+](CCOP(=O)([O-])OCCCCCCCCCCC)CC[NH+](CC[NH2+]CCOP(=O)([O-])OCCCCCCCCCCC)CCOP(=O)([O-])OCCCCCCCCCCC
24A4P12,CCCCCCCCCCCCOP1(=O)OCCO1,C(CNCCNCCN)N,CCCCCCCCCCCCOP(=O)([O-])OCC[NH2+]CC[NH+](CCOP(=O)([O-])OCCCCCCCCCCCC)CC[NH+](CC[NH2+]CCOP(=O)([O-])OCCCCCCCCCCCC)CCOP(=O)([O-])OCCCCCCCCCCCC
24A4P13,CCCCCCCCCCCCCOP1(=O)OCCO1,C(CNCCNCCN)N,CCCCCCCCCCCCCOP(=O)([O-])OCC[NH2+]CC[NH+](CCOP(=O)([O-])OCCCCCCCCCCCCC)CC[NH+](CC[NH2+]CCOP(=O)([O-])OCCCCCCCCCCCCC)CCOP(=O)([O-])OCCCCCCCCCCCCC
24A4P14,CCCCCCCCCCCCCCOP1(=O)OCCO1,C(CNCCNCCN)N,CCCCCCCCCCCCCCOP(=O)([O-])OCC[NH2+]CC[NH+](CCOP(=O)([O-])OCCCCCCCCCCCCCC)CC[NH+](CC[NH2+]CCOP(=O)([O-])OCCCCCCCCCCCCCC)CCOP(=O)([O-])OCCCCCCCCCCCCCC
24A4P15,CCCCCCCCCCCCCCCOP1(=O)OCCO1,C(CNCCNCCN)N,CCCCCCCCCCCCCCCOP(=O)([O-])OCC[NH2+]CC[NH+](CCOP(=O)([O-])OCCCCCCCCCCCCCCC)CC[NH+](CC[NH2+]CCOP(=O)([O-])OCCCCCCCCCCCCCCC)CCOP(=O)([O-])OCCCCCCCCCCCCCCC
24A4P16,CCCCCCCCCCCCCCCCOP1(=O)OCCO1,C(CNCCNCCN)N,CCCCCCCCCCCCCCCCOP(=O)([O-])OCC[NH2+]CC[NH+](CCOP(=O)([O-])OCCCCCCCCCCCCCCCC)CC[NH+](CC[NH2+]CCOP(=O)([O-])OCCCCCCCCCCCCCCCC)CCOP(=O)([O-])OCCCCCCCCCCCCCCCC
25A4P4,CCCCOP1(=O)OCCO1,C(CCNCCCN)CNCCCN,CCCCOP(=O)([O-])OCC[NH2+]CCC[NH+](CCCC[NH+](CCC[NH2+]CCOP(=O)([O-])OCCCC)CCOP(=O)([O-])OCCCC)CCOP(=O)([O-])OCCCC
25A4P5,CCCCCOP1(=O)OCCO1,C(CCNCCCN)CNCCCN,CCCCCOP(=O)([O-])OCC[NH2+]CCC[NH+](CCCC[NH+](CCC[NH2+]CCOP(=O)([O-])OCCCCC)CCOP(=O)([O-])OCCCCC)CCOP(=O)([O-])OCCCCC
25A4P6,CCCCCCOP1(=O)OCCO1,C(CCNCCCN)CNCCCN,CCCCCCOP(=O)([O-])OCC[NH2+]CCC[NH+](CCCC[NH+](CCC[NH2+]CCOP(=O)([O-])OCCCCCC)CCOP(=O)([O-])OCCCCCC)CCOP(=O)([O-])OCCCCCC
25A4P7,CCCCCCCOP1(=O)OCCO1,C(CCNCCCN)CNCCCN,CCCCCCCOP(=O)([O-])OCC[NH2+]CCC[NH+](CCCC[NH+](CCC[NH2+]CCOP(=O)([O-])OCCCCCCC)CCOP(=O)([O-])OCCCCCCC)CCOP(=O)([O-])OCCCCCCC
25A4P8,CCCCCCCCOP1(=O)OCCO1,C(CCNCCCN)CNCCCN,CCCCCCCCOP(=O)([O-])OCC[NH2+]CCC[NH+](CCCC[NH+](CCC[NH2+]CCOP(=O)([O-])OCCCCCCCC)CCOP(=O)([O-])OCCCCCCCC)CCOP(=O)([O-])OCCCCCCCC
25A4P9,CCCCCCCCCOP1(=O)OCCO1,C(CCNCCCN)CNCCCN,CCCCCCCCCOP(=O)([O-])OCC[NH2+]CCC[NH+](CCCC[NH+](CCC[NH2+]CCOP(=O)([O-])OCCCCCCCCC)CCOP(=O)([O-])OCCCCCCCCC)CCOP(=O)([O-])OCCCCCCCCC
25A4P10,CCCCCCCCCCOP1(=O)OCCO1,C(CCNCCCN)CNCCCN,CCCCCCCCCCOP(=O)([O-])OCC[NH2+]CCC[NH+](CCCC[NH+](CCC[NH2+]CCOP(=O)([O-])OCCCCCCCCCC)CCOP(=O)([O-])OCCCCCCCCCC)CCOP(=O)([O-])OCCCCCCCCCC
25A4P11,CCCCCCCCCCCOP1(=O)OCCO1,C(CCNCCCN)CNCCCN,CCCCCCCCCCCOP(=O)([O-])OCC[NH2+]CCC[NH+](CCCC[NH+](CCC[NH2+]CCOP(=O)([O-])OCCCCCCCCCCC)CCOP(=O)([O-])OCCCCCCCCCCC)CCOP(=O)([O-])OCCCCCCCCCCC
25A4P12,CCCCCCCCCCCCOP1(=O)OCCO1,C(CCNCCCN)CNCCCN,CCCCCCCCCCCCOP(=O)([O-])OCC[NH2+]CCC[NH+](CCCC[NH+](CCC[NH2+]CCOP(=O)([O-])OCCCCCCCCCCCC)CCOP(=O)([O-])OCCCCCCCCCCCC)CCOP(=O)([O-])OCCCCCCCCCCCC
25A4P13,CCCCCCCCCCCCCOP1(=O)OCCO1,C(CCNCCCN)CNCCCN,CCCCCCCCCCCCCOP(=O)([O-])OCC[NH2+]CCC[NH+](CCCC[NH+](CCC[NH2+]CCOP(=O)([O-])OCCCCCCCCCCCCC)CCOP(=O)([O-])OCCCCCCCCCCCCC)CCOP(=O)([O-])OCCCCCCCCCCCCC
25A4P14,CCCCCCCCCCCCCCOP1(=O)OCCO1,C(CCNCCCN)CNCCCN,CCCCCCCCCCCCCCOP(=O)([O-])OCC[NH2+]CCC[NH+](CCCC[NH+](CCC[NH2+]CCOP(=O)([O-])OCCCCCCCCCCCCCC)CCOP(=O)([O-])OCCCCCCCCCCCCCC)CCOP(=O)([O-])OCCCCCCCCCCCCCC
25A4P15,CCCCCCCCCCCCCCCOP1(=O)OCCO1,C(CCNCCCN)CNCCCN,CCCCCCCCCCCCCCCOP(=O)([O-])OCC[NH2+]CCC[NH+](CCCC[NH+](CCC[NH2+]CCOP(=O)([O-])OCCCCCCCCCCCCCCC)CCOP(=O)([O-])OCCCCCCCCCCCCCCC)CCOP(=O)([O-])OCCCCCCCCCCCCCCC
25A4P16,CCCCCCCCCCCCCCCCOP1(=O)OCCO1,C(CCNCCCN)CNCCCN,CCCCCCCCCCCCCCCCOP(=O)([O-])OCC[NH2+]CCC[NH+](CCCC[NH+](CCC[NH2+]CCOP(=O)([O-])OCCCCCCCCCCCCCCCC)CCOP(=O)([O-])OCCCCCCCCCCCCCCCC)CCOP(=O)([O-])OCCCCCCCCCCCCCCCC
26A4P4,CCCCOP1(=O)OCCO1,CNCCN(CCNC)CCNC,CCCCOP(=O)([O-])OCC[NH+](C)CC[N+](CCOP(=O)([O-])OCCCC)(CC[NH+](C)CCOP(=O)([O-])OCCCC)CC[NH+](C)CCOP(=O)([O-])OCCCC
26A4P5,CCCCCOP1(=O)OCCO1,CNCCN(CCNC)CCNC,CCCCCOP(=O)([O-])OCC[NH+](C)CC[N+](CCOP(=O)([O-])OCCCCC)(CC[NH+](C)CCOP(=O)([O-])OCCCCC)CC[NH+](C)CCOP(=O)([O-])OCCCCC
26A4P6,CCCCCCOP1(=O)OCCO1,CNCCN(CCNC)CCNC,CCCCCCOP(=O)([O-])OCC[NH+](C)CC[N+](CCOP(=O)([O-])OCCCCCC)(CC[NH+](C)CCOP(=O)([O-])OCCCCCC)CC[NH+](C)CCOP(=O)([O-])OCCCCCC
26A4P7,CCCCCCCOP1(=O)OCCO1,CNCCN(CCNC)CCNC,CCCCCCCOP(=O)([O-])OCC[NH+](C)CC[N+](CCOP(=O)([O-])OCCCCCCC)(CC[NH+](C)CCOP(=O)([O-])OCCCCCCC)CC[NH+](C)CCOP(=O)([O-])OCCCCCCC
26A4P8,CCCCCCCCOP1(=O)OCCO1,CNCCN(CCNC)CCNC,CCCCCCCCOP(=O)([O-])OCC[NH+](C)CC[N+](CCOP(=O)([O-])OCCCCCCCC)(CC[NH+](C)CCOP(=O)([O-])OCCCCCCCC)CC[NH+](C)CCOP(=O)([O-])OCCCCCCCC
26A4P9,CCCCCCCCCOP1(=O)OCCO1,CNCCN(CCNC)CCNC,CCCCCCCCCOP(=O)([O-])OCC[NH+](C)CC[N+](CCOP(=O)([O-])OCCCCCCCCC)(CC[NH+](C)CCOP(=O)([O-])OCCCCCCCCC)CC[NH+](C)CCOP(=O)([O-])OCCCCCCCCC
26A4P10,CCCCCCCCCCOP1(=O)OCCO1,CNCCN(CCNC)CCNC,CCCCCCCCCCOP(=O)([O-])OCC[NH+](C)CC[N+](CCOP(=O)([O-])OCCCCCCCCCC)(CC[NH+](C)CCOP(=O)([O-])OCCCCCCCCCC)CC[NH+](C)CCOP(=O)([O-])OCCCCCCCCCC
26A4P11,CCCCCCCCCCCOP1(=O)OCCO1,CNCCN(CCNC)CCNC,CCCCCCCCCCCOP(=O)([O-])OCC[NH+](C)CC[N+](CCOP(=O)([O-])OCCCCCCCCCCC)(CC[NH+](C)CCOP(=O)([O-])OCCCCCCCCCCC)CC[NH+](C)CCOP(=O)([O-])OCCCCCCCCCCC
26A4P12,CCCCCCCCCCCCOP1(=O)OCCO1,CNCCN(CCNC)CCNC,CCCCCCCCCCCCOP(=O)([O-])OCC[NH+](C)CC[N+](CCOP(=O)([O-])OCCCCCCCCCCCC)(CC[NH+](C)CCOP(=O)([O-])OCCCCCCCCCCCC)CC[NH+](C)CCOP(=O)([O-])OCCCCCCCCCCCC
26A4P13,CCCCCCCCCCCCCOP1(=O)OCCO1,CNCCN(CCNC)CCNC,CCCCCCCCCCCCCOP(=O)([O-])OCC[NH+](C)CC[N+](CCOP(=O)([O-])OCCCCCCCCCCCCC)(CC[NH+](C)CCOP(=O)([O-])OCCCCCCCCCCCCC)CC[NH+](C)CCOP(=O)([O-])OCCCCCCCCCCCCC
26A4P14,CCCCCCCCCCCCCCOP1(=O)OCCO1,CNCCN(CCNC)CCNC,CCCCCCCCCCCCCCOP(=O)([O-])OCC[NH+](C)CC[N+](CCOP(=O)([O-])OCCCCCCCCCCCCCC)(CC[NH+](C)CCOP(=O)([O-])OCCCCCCCCCCCCCC)CC[NH+](C)CCOP(=O)([O-])OCCCCCCCCCCCCCC
26A4P15,CCCCCCCCCCCCCCCOP1(=O)OCCO1,CNCCN(CCNC)CCNC,CCCCCCCCCCCCCCCOP(=O)([O-])OCC[NH+](C)CC[N+](CCOP(=O)([O-])OCCCCCCCCCCCCCCC)(CC[NH+](C)CCOP(=O)([O-])OCCCCCCCCCCCCCCC)CC[NH+](C)CCOP(=O)([O-])OCCCCCCCCCCCCCCC
26A4P16,CCCCCCCCCCCCCCCCOP1(=O)OCCO1,CNCCN(CCNC)CCNC,CCCCCCCCCCCCCCCCOP(=O)([O-])OCC[NH+](C)CC[N+](CCOP(=O)([O-])OCCCCCCCCCCCCCCCC)(CC[NH+](C)CCOP(=O)([O-])OCCCCCCCCCCCCCCCC)CC[NH+](C)CCOP(=O)([O-])OCCCCCCCCCCCCCCCC
27A4P4,CCCCOP1(=O)OCCO1,C(CN(CCN)CCN)N,CCCCOP(=O)([O-])OCC[NH2+]CC[N+](CC[NH2+]CCOP(=O)([O-])OCCCC)(CC[NH2+]CCOP(=O)([O-])OCCCC)CCOP(=O)([O-])OCCCC
27A4P5,CCCCCOP1(=O)OCCO1,C(CN(CCN)CCN)N,CCCCCOP(=O)([O-])OCC[NH2+]CC[N+](CC[NH2+]CCOP(=O)([O-])OCCCCC)(CC[NH2+]CCOP(=O)([O-])OCCCCC)CCOP(=O)([O-])OCCCCC
27A4P6,CCCCCCOP1(=O)OCCO1,C(CN(CCN)CCN)N,CCCCCCOP(=O)([O-])OCC[NH2+]CC[N+](CC[NH2+]CCOP(=O)([O-])OCCCCCC)(CC[NH2+]CCOP(=O)([O-])OCCCCCC)CCOP(=O)([O-])OCCCCCC
27A4P7,CCCCCCCOP1(=O)OCCO1,C(CN(CCN)CCN)N,CCCCCCCOP(=O)([O-])OCC[NH2+]CC[N+](CC[NH2+]CCOP(=O)([O-])OCCCCCCC)(CC[NH2+]CCOP(=O)([O-])OCCCCCCC)CCOP(=O)([O-])OCCCCCCC
27A4P8,CCCCCCCCOP1(=O)OCCO1,C(CN(CCN)CCN)N,CCCCCCCCOP(=O)([O-])OCC[NH2+]CC[N+](CC[NH2+]CCOP(=O)([O-])OCCCCCCCC)(CC[NH2+]CCOP(=O)([O-])OCCCCCCCC)CCOP(=O)([O-])OCCCCCCCC
27A4P9,CCCCCCCCCOP1(=O)OCCO1,C(CN(CCN)CCN)N,CCCCCCCCCOP(=O)([O-])OCC[NH2+]CC[N+](CC[NH2+]CCOP(=O)([O-])OCCCCCCCCC)(CC[NH2+]CCOP(=O)([O-])OCCCCCCCCC)CCOP(=O)([O-])OCCCCCCCCC
27A4P10,CCCCCCCCCCOP1(=O)OCCO1,C(CN(CCN)CCN)N,CCCCCCCCCCOP(=O)([O-])OCC[NH2+]CC[N+](CC[NH2+]CCOP(=O)([O-])OCCCCCCCCCC)(CC[NH2+]CCOP(=O)([O-])OCCCCCCCCCC)CCOP(=O)([O-])OCCCCCCCCCC
27A4P11,CCCCCCCCCCCOP1(=O)OCCO1,C(CN(CCN)CCN)N,CCCCCCCCCCCOP(=O)([O-])OCC[NH2+]CC[N+](CC[NH2+]CCOP(=O)([O-])OCCCCCCCCCCC)(CC[NH2+]CCOP(=O)([O-])OCCCCCCCCCCC)CCOP(=O)([O-])OCCCCCCCCCCC
27A4P12,CCCCCCCCCCCCOP1(=O)OCCO1,C(CN(CCN)CCN)N,CCCCCCCCCCCCOP(=O)([O-])OCC[NH2+]CC[N+](CC[NH2+]CCOP(=O)([O-])OCCCCCCCCCCCC)(CC[NH2+]CCOP(=O)([O-])OCCCCCCCCCCCC)CCOP(=O)([O-])OCCCCCCCCCCCC
27A4P13,CCCCCCCCCCCCCOP1(=O)OCCO1,C(CN(CCN)CCN)N,CCCCCCCCCCCCCOP(=O)([O-])OCC[NH2+]CC[N+](CC[NH2+]CCOP(=O)([O-])OCCCCCCCCCCCCC)(CC[NH2+]CCOP(=O)([O-])OCCCCCCCCCCCCC)CCOP(=O)([O-])OCCCCCCCCCCCCC
27A4P14,CCCCCCCCCCCCCCOP1(=O)OCCO1,C(CN(CCN)CCN)N,CCCCCCCCCCCCCCOP(=O)([O-])OCC[NH2+]CC[N+](CC[NH2+]CCOP(=O)([O-])OCCCCCCCCCCCCCC)(CC[NH2+]CCOP(=O)([O-])OCCCCCCCCCCCCCC)CCOP(=O)([O-])OCCCCCCCCCCCCCC
27A4P15,CCCCCCCCCCCCCCCOP1(=O)OCCO1,C(CN(CCN)CCN)N,CCCCCCCCCCCCCCCOP(=O)([O-])OCC[NH2+]CC[N+](CC[NH2+]CCOP(=O)([O-])OCCCCCCCCCCCCCCC)(CC[NH2+]CCOP(=O)([O-])OCCCCCCCCCCCCCCC)CCOP(=O)([O-])OCCCCCCCCCCCCCCC
27A4P16,CCCCCCCCCCCCCCCCOP1(=O)OCCO1,C(CN(CCN)CCN)N,CCCCCCCCCCCCCCCCOP(=O)([O-])OCC[NH2+]CC[N+](CC[NH2+]CCOP(=O)([O-])OCCCCCCCCCCCCCCCC)(CC[NH2+]CCOP(=O)([O-])OCCCCCCCCCCCCCCCC)CCOP(=O)([O-])OCCCCCCCCCCCCCCCC
28A4P4,CCCCOP1(=O)OCCO1,C(CNCCNCCNCCN)N,CCCCOP(=O)([O-])OCC[NH2+]CC[NH+](CCNCC[NH+](CC[NH2+]CCOP(=O)([O-])OCCCC)CCOP(=O)([O-])OCCCC)CCOP(=O)([O-])OCCCC
28A4P5,CCCCCOP1(=O)OCCO1,C(CNCCNCCNCCN)N,CCCCCOP(=O)([O-])OCC[NH2+]CC[NH+](CCNCC[NH+](CC[NH2+]CCOP(=O)([O-])OCCCCC)CCOP(=O)([O-])OCCCCC)CCOP(=O)([O-])OCCCCC
28A4P6,CCCCCCOP1(=O)OCCO1,C(CNCCNCCNCCN)N,CCCCCCOP(=O)([O-])OCC[NH2+]CC[NH+](CCNCC[NH+](CC[NH2+]CCOP(=O)([O-])OCCCCCC)CCOP(=O)([O-])OCCCCCC)CCOP(=O)([O-])OCCCCCC
28A4P7,CCCCCCCOP1(=O)OCCO1,C(CNCCNCCNCCN)N,CCCCCCCOP(=O)([O-])OCC[NH2+]CC[NH+](CCNCC[NH+](CC[NH2+]CCOP(=O)([O-])OCCCCCCC)CCOP(=O)([O-])OCCCCCCC)CCOP(=O)([O-])OCCCCCCC
28A4P8,CCCCCCCCOP1(=O)OCCO1,C(CNCCNCCNCCN)N,CCCCCCCCOP(=O)([O-])OCC[NH2+]CC[NH+](CCNCC[NH+](CC[NH2+]CCOP(=O)([O-])OCCCCCCCC)CCOP(=O)([O-])OCCCCCCCC)CCOP(=O)([O-])OCCCCCCCC
28A4P9,CCCCCCCCCOP1(=O)OCCO1,C(CNCCNCCNCCN)N,CCCCCCCCCOP(=O)([O-])OCC[NH2+]CC[NH+](CCNCC[NH+](CC[NH2+]CCOP(=O)([O-])OCCCCCCCCC)CCOP(=O)([O-])OCCCCCCCCC)CCOP(=O)([O-])OCCCCCCCCC
28A4P10,CCCCCCCCCCOP1(=O)OCCO1,C(CNCCNCCNCCN)N,CCCCCCCCCCOP(=O)([O-])OCC[NH2+]CC[NH+](CCNCC[NH+](CC[NH2+]CCOP(=O)([O-])OCCCCCCCCCC)CCOP(=O)([O-])OCCCCCCCCCC)CCOP(=O)([O-])OCCCCCCCCCC
28A4P11,CCCCCCCCCCCOP1(=O)OCCO1,C(CNCCNCCNCCN)N,CCCCCCCCCCCOP(=O)([O-])OCC[NH2+]CC[NH+](CCNCC[NH+](CC[NH2+]CCOP(=O)([O-])OCCCCCCCCCCC)CCOP(=O)([O-])OCCCCCCCCCCC)CCOP(=O)([O-])OCCCCCCCCCCC
28A4P12,CCCCCCCCCCCCOP1(=O)OCCO1,C(CNCCNCCNCCN)N,CCCCCCCCCCCCOP(=O)([O-])OCC[NH2+]CC[NH+](CCNCC[NH+](CC[NH2+]CCOP(=O)([O-])OCCCCCCCCCCCC)CCOP(=O)([O-])OCCCCCCCCCCCC)CCOP(=O)([O-])OCCCCCCCCCCCC
28A4P13,CCCCCCCCCCCCCOP1(=O)OCCO1,C(CNCCNCCNCCN)N,CCCCCCCCCCCCCOP(=O)([O-])OCC[NH2+]CC[NH+](CCNCC[NH+](CC[NH2+]CCOP(=O)([O-])OCCCCCCCCCCCCC)CCOP(=O)([O-])OCCCCCCCCCCCCC)CCOP(=O)([O-])OCCCCCCCCCCCCC
28A4P14,CCCCCCCCCCCCCCOP1(=O)OCCO1,C(CNCCNCCNCCN)N,CCCCCCCCCCCCCCOP(=O)([O-])OCC[NH2+]CC[NH+](CCNCC[NH+](CC[NH2+]CCOP(=O)([O-])OCCCCCCCCCCCCCC)CCOP(=O)([O-])OCCCCCCCCCCCCCC)CCOP(=O)([O-])OCCCCCCCCCCCCCC
28A4P15,CCCCCCCCCCCCCCCOP1(=O)OCCO1,C(CNCCNCCNCCN)N,CCCCCCCCCCCCCCCOP(=O)([O-])OCC[NH2+]CC[NH+](CCNCC[NH+](CC[NH2+]CCOP(=O)([O-])OCCCCCCCCCCCCCCC)CCOP(=O)([O-])OCCCCCCCCCCCCCCC)CCOP(=O)([O-])OCCCCCCCCCCCCCCC
28A4P16,CCCCCCCCCCCCCCCCOP1(=O)OCCO1,C(CNCCNCCNCCN)N,CCCCCCCCCCCCCCCCOP(=O)([O-])OCC[NH2+]CC[NH+](CCNCC[NH+](CC[NH2+]CCOP(=O)([O-])OCCCCCCCCCCCCCCCC)CCOP(=O)([O-])OCCCCCCCCCCCCCCCC)CCOP(=O)([O-])OCCCCCCCCCCCCCCCC
28A5P4,CCCCOP1(=O)OCCO1,C(CNCCNCCNCCN)N,CCCCOP(=O)([O-])OCC[NH2+]CC[NH+](CCOP(=O)([O-])OCCCC)CC[NH+](CCOP(=O)([O-])OCCCC)CC[NH+](CC[NH2+]CCOP(=O)([O-])OCCCC)CCOP(=O)([O-])OCCCC
28A5P5,CCCCCOP1(=O)OCCO1,C(CNCCNCCNCCN)N,CCCCCOP(=O)([O-])OCC[NH2+]CC[NH+](CCOP(=O)([O-])OCCCCC)CC[NH+](CCOP(=O)([O-])OCCCCC)CC[NH+](CC[NH2+]CCOP(=O)([O-])OCCCCC)CCOP(=O)([O-])OCCCCC
28A5P6,CCCCCCOP1(=O)OCCO1,C(CNCCNCCNCCN)N,CCCCCCOP(=O)([O-])OCC[NH2+]CC[NH+](CCOP(=O)([O-])OCCCCCC)CC[NH+](CCOP(=O)([O-])OCCCCCC)CC[NH+](CC[NH2+]CCOP(=O)([O-])OCCCCCC)CCOP(=O)([O-])OCCCCCC
28A5P7,CCCCCCCOP1(=O)OCCO1,C(CNCCNCCNCCN)N,CCCCCCCOP(=O)([O-])OCC[NH2+]CC[NH+](CCOP(=O)([O-])OCCCCCCC)CC[NH+](CCOP(=O)([O-])OCCCCCCC)CC[NH+](CC[NH2+]CCOP(=O)([O-])OCCCCCCC)CCOP(=O)([O-])OCCCCCCC
28A5P8,CCCCCCCCOP1(=O)OCCO1,C(CNCCNCCNCCN)N,CCCCCCCCOP(=O)([O-])OCC[NH2+]CC[NH+](CCOP(=O)([O-])OCCCCCCCC)CC[NH+](CCOP(=O)([O-])OCCCCCCCC)CC[NH+](CC[NH2+]CCOP(=O)([O-])OCCCCCCCC)CCOP(=O)([O-])OCCCCCCCC
28A5P9,CCCCCCCCCOP1(=O)OCCO1,C(CNCCNCCNCCN)N,CCCCCCCCCOP(=O)([O-])OCC[NH2+]CC[NH+](CCOP(=O)([O-])OCCCCCCCCC)CC[NH+](CCOP(=O)([O-])OCCCCCCCCC)CC[NH+](CC[NH2+]CCOP(=O)([O-])OCCCCCCCCC)CCOP(=O)([O-])OCCCCCCCCC
28A5P10,CCCCCCCCCCOP1(=O)OCCO1,C(CNCCNCCNCCN)N,CCCCCCCCCCOP(=O)([O-])OCC[NH2+]CC[NH+](CCOP(=O)([O-])OCCCCCCCCCC)CC[NH+](CCOP(=O)([O-])OCCCCCCCCCC)CC[NH+](CC[NH2+]CCOP(=O)([O-])OCCCCCCCCCC)CCOP(=O)([O-])OCCCCCCCCCC
28A5P11,CCCCCCCCCCCOP1(=O)OCCO1,C(CNCCNCCNCCN)N,CCCCCCCCCCCOP(=O)([O-])OCC[NH2+]CC[NH+](CCOP(=O)([O-])OCCCCCCCCCCC)CC[NH+](CCOP(=O)([O-])OCCCCCCCCCCC)CC[NH+](CC[NH2+]CCOP(=O)([O-])OCCCCCCCCCCC)CCOP(=O)([O-])OCCCCCCCCCCC
28A5P12,CCCCCCCCCCCCOP1(=O)OCCO1,C(CNCCNCCNCCN)N,CCCCCCCCCCCCOP(=O)([O-])OCC[NH2+]CC[NH+](CCOP(=O)([O-])OCCCCCCCCCCCC)CC[NH+](CCOP(=O)([O-])OCCCCCCCCCCCC)CC[NH+](CC[NH2+]CCOP(=O)([O-])OCCCCCCCCCCCC)CCOP(=O)([O-])OCCCCCCCCCCCC
28A5P13,CCCCCCCCCCCCCOP1(=O)OCCO1,C(CNCCNCCNCCN)N,CCCCCCCCCCCCCOP(=O)([O-])OCC[NH2+]CC[NH+](CCOP(=O)([O-])OCCCCCCCCCCCCC)CC[NH+](CCOP(=O)([O-])OCCCCCCCCCCCCC)CC[NH+](CC[NH2+]CCOP(=O)([O-])OCCCCCCCCCCCCC)CCOP(=O)([O-])OCCCCCCCCCCCCC
28A5P14,CCCCCCCCCCCCCCOP1(=O)OCCO1,C(CNCCNCCNCCN)N,CCCCCCCCCCCCCCOP(=O)([O-])OCC[NH2+]CC[NH+](CCOP(=O)([O-])OCCCCCCCCCCCCCC)CC[NH+](CCOP(=O)([O-])OCCCCCCCCCCCCCC)CC[NH+](CC[NH2+]CCOP(=O)([O-])OCCCCCCCCCCCCCC)CCOP(=O)([O-])OCCCCCCCCCCCCCC
28A5P15,CCCCCCCCCCCCCCCOP1(=O)OCCO1,C(CNCCNCCNCCN)N,CCCCCCCCCCCCCCCOP(=O)([O-])OCC[NH2+]CC[NH+](CCOP(=O)([O-])OCCCCCCCCCCCCCCC)CC[NH+](CCOP(=O)([O-])OCCCCCCCCCCCCCCC)CC[NH+](CC[NH2+]CCOP(=O)([O-])OCCCCCCCCCCCCCCC)CCOP(=O)([O-])OCCCCCCCCCCCCCCC
28A5P16,CCCCCCCCCCCCCCCCOP1(=O)OCCO1,C(CNCCNCCNCCN)N,CCCCCCCCCCCCCCCCOP(=O)([O-])OCC[NH2+]CC[NH+](CCOP(=O)([O-])OCCCCCCCCCCCCCCCC)CC[NH+](CCOP(=O)([O-])OCCCCCCCCCCCCCCCC)CC[NH+](CC[NH2+]CCOP(=O)([O-])OCCCCCCCCCCCCCCCC)CCOP(=O)([O-])OCCCCCCCCCCCCCCCC
19A2P4,CCCCOP1(=O)OCCO1,C(COCCOCCN)N,CCCCOP(=O)([O-])OCC[NH2+]CCOCCOCC[NH2+]CCOP(=O)([O-])OCCCC
19A2P5,CCCCCOP1(=O)OCCO1,C(COCCOCCN)N,CCCCCOP(=O)([O-])OCC[NH2+]CCOCCOCC[NH2+]CCOP(=O)([O-])OCCCCC
19A2P6,CCCCCCOP1(=O)OCCO1,C(COCCOCCN)N,CCCCCCOP(=O)([O-])OCC[NH2+]CCOCCOCC[NH2+]CCOP(=O)([O-])OCCCCCC
19A2P7,CCCCCCCOP1(=O)OCCO1,C(COCCOCCN)N,CCCCCCCOP(=O)([O-])OCC[NH2+]CCOCCOCC[NH2+]CCOP(=O)([O-])OCCCCCCC
19A2P8,CCCCCCCCOP1(=O)OCCO1,C(COCCOCCN)N,CCCCCCCCOP(=O)([O-])OCC[NH2+]CCOCCOCC[NH2+]CCOP(=O)([O-])OCCCCCCCC
19A2P9,CCCCCCCCCOP1(=O)OCCO1,C(COCCOCCN)N,CCCCCCCCCOP(=O)([O-])OCC[NH2+]CCOCCOCC[NH2+]CCOP(=O)([O-])OCCCCCCCCC
19A2P10,CCCCCCCCCCOP1(=O)OCCO1,C(COCCOCCN)N,CCCCCCCCCCOP(=O)([O-])OCC[NH2+]CCOCCOCC[NH2+]CCOP(=O)([O-])OCCCCCCCCCC
19A2P11,CCCCCCCCCCCOP1(=O)OCCO1,C(COCCOCCN)N,CCCCCCCCCCCOP(=O)([O-])OCC[NH2+]CCOCCOCC[NH2+]CCOP(=O)([O-])OCCCCCCCCCCC
19A2P12,CCCCCCCCCCCCOP1(=O)OCCO1,C(COCCOCCN)N,CCCCCCCCCCCCOP(=O)([O-])OCC[NH2+]CCOCCOCC[NH2+]CCOP(=O)([O-])OCCCCCCCCCCCC
19A2P13,CCCCCCCCCCCCCOP1(=O)OCCO1,C(COCCOCCN)N,CCCCCCCCCCCCCOP(=O)([O-])OCC[NH2+]CCOCCOCC[NH2+]CCOP(=O)([O-])OCCCCCCCCCCCCC
19A2P14,CCCCCCCCCCCCCCOP1(=O)OCCO1,C(COCCOCCN)N,CCCCCCCCCCCCCCOP(=O)([O-])OCC[NH2+]CCOCCOCC[NH2+]CCOP(=O)([O-])OCCCCCCCCCCCCCC
19A2P15,CCCCCCCCCCCCCCCOP1(=O)OCCO1,C(COCCOCCN)N,CCCCCCCCCCCCCCCOP(=O)([O-])OCC[NH2+]CCOCCOCC[NH2+]CCOP(=O)([O-])OCCCCCCCCCCCCCCC
19A2P16,CCCCCCCCCCCCCCCCOP1(=O)OCCO1,C(COCCOCCN)N,CCCCCCCCCCCCCCCCOP(=O)([O-])OCC[NH2+]CCOCCOCC[NH2+]CCOP(=O)([O-])OCCCCCCCCCCCCCCCC
